169843,2011-11-01,475599
169843,2011-11-02,550997
169843,2011-11-03,593800
169843,2011-11-04,569588
169843,2011-11-05,500787
169843,2011-11-06,361853
169843,2011-11-07,373991
169843,2011-11-08,508492
169843,2011-11-09,548294
169843,2011-11-10,602030
169843,2011-11-11,600513
169843,2011-11-12,536384
169843,2011-11-13,394687
169843,2011-11-14,405625
169843,2011-11-15,555152
169843,2011-11-16,590387
169843,2011-11-17,566378
169843,2011-11-18,577494
169843,2011-11-19,509638
169843,2011-11-20,362255
169843,2011-11-21,402404
169843,2011-11-22,540854
169843,2011-11-23,615629
169843,2011-11-24,578583
169843,2011-11-25,442518
169843,2011-11-26,632242
169843,2011-11-27,615830
169843,2011-11-28,659499
169843,2011-11-29,1619262
169843,2011-11-30,2279407
169843,2011-12-01,697538
169843,2011-12-02,697263
169843,2011-12-03,738499
169843,2011-12-04,557390
169843,2011-12-05,546244
169843,2011-12-06,752752
169843,2011-12-07,741778
169843,2011-12-08,863731
169843,2011-12-09,1400002
169843,2011-12-10,1794974
169843,2011-12-11,1060166
169843,2011-12-12,903550
169843,2011-12-13,989663
169843,2011-12-14,875001
169843,2011-12-15,826470
169843,2011-12-16,985788
169843,2011-12-17,1708307
169843,2011-12-18,1142575
169843,2011-12-19,1143740
169843,2011-12-20,718426
169843,2011-12-21,1024314
169843,2011-12-22,1123051
169843,2011-12-23,1079719
169843,2011-12-24,925047
169843,2011-12-25,665695
169843,2011-12-26,862035
169843,2011-12-27,1181914
169843,2011-12-28,1192420
169843,2011-12-29,2028795
169843,2011-12-30,2420297
169843,2011-12-31,1188204
169843,2012-01-01,411545
169843,2012-01-02,364548
169843,2012-01-03,553610
169843,2012-01-04,632622
169843,2012-01-05,624937
169843,2012-01-06,621764
169843,2012-01-07,592821
169843,2012-01-08,453179
169843,2012-01-09,481757
169843,2012-01-10,619798
169843,2012-01-11,959623
169843,2012-01-12,1167629
169843,2012-01-13,704115
169843,2012-01-14,822561
169843,2012-01-15,1115366
169843,2012-01-16,679044
169843,2012-01-17,959773
169843,2012-01-18,1875335
169843,2012-01-19,2072446
169843,2012-01-20,2151504
169843,2012-01-21,2036633
169843,2012-01-22,1800251
169843,2012-01-23,1956145
169843,2012-01-24,2512119
169843,2012-01-25,2340341
169843,2012-01-26,2533935
169843,2012-01-27,2484109
169843,2012-01-28,2332711
169843,2012-01-29,2143074
169843,2012-01-30,2182299
169843,2012-01-31,2125910
169843,2012-02-01,1977331
169843,2012-02-02,2222450
169843,2012-02-03,2375929
169843,2012-02-04,2350611
169843,2012-02-05,2285172
169843,2012-02-06,2571544
169843,2012-02-07,2736984
169843,2012-02-08,2509838
169843,2012-02-09,2345336
169843,2012-02-10,2276780
169843,2012-02-11,2261277
169843,2012-02-12,2027027
169843,2012-02-13,1990531
169843,2012-02-14,2833073
169843,2012-02-15,2519799
169843,2012-02-16,2257077
169843,2012-02-17,1925131
169843,2012-02-18,1658971
169843,2012-02-19,1723435
169843,2012-02-20,2198080
169843,2012-02-21,2240502
169843,2012-02-22,2241256
169843,2012-02-23,2181919
169843,2012-02-24,1976663
169843,2012-02-25,1776029
169843,2012-02-26,1643636
169843,2012-02-27,1591386
169843,2012-02-28,2149690
169843,2012-02-29,2283664
169843,2012-03-01,2456859
169843,2012-03-02,2511220
169843,2012-03-03,2453685
169843,2012-03-04,2407157
169843,2012-03-05,2776126
169843,2012-03-06,2888820
169843,2012-03-07,2695263
169843,2012-03-08,2714556
169843,2012-03-09,2746334
169843,2012-03-10,2160666
169843,2012-03-11,1947167
169843,2012-03-12,2411420
169843,2012-03-13,3073301
169843,2012-03-14,2771145
169843,2012-03-15,2596275
169843,2012-03-16,2494246
169843,2012-03-17,2419867
169843,2012-03-18,1849747
169843,2012-03-19,2175690
169843,2012-03-20,2696169
169843,2012-03-21,2641614
169843,2012-03-22,2691465
169843,2012-03-23,2620545
169843,2012-03-24,1994200
169843,2012-03-25,1684689
169843,2012-03-26,2438226
169843,2012-03-27,3105664
169843,2012-03-28,3148929
169843,2012-03-29,2684601
169843,2012-03-30,2814417
169843,2012-03-31,2797643
169843,2012-04-01,2011427
169843,2012-04-02,2210960
169843,2012-04-03,2770002
169843,2012-04-04,2754806
169843,2012-04-05,2567345
169843,2012-04-06,2238711
169843,2012-04-07,1956793
169843,2012-04-08,1903173
169843,2012-04-09,2862719
169843,2012-04-10,3246877
169843,2012-04-11,3854442
169843,2012-04-12,3704116
169843,2012-04-13,3602213
169843,2012-04-14,3201867
169843,2012-04-15,3025159
169843,2012-04-16,4240167
169843,2012-04-17,2448411
169843,2012-04-18,4355005
169843,2012-04-19,3880393
169843,2012-04-20,3319338
169843,2012-04-21,2351076
169843,2012-04-22,2145173
169843,2012-04-23,2808591
169843,2012-04-24,3046456
169843,2012-04-25,3290910
169843,2012-04-26,3350866
169843,2012-04-27,3314938
169843,2012-04-28,2324132
169843,2012-04-29,2030452
169843,2012-04-30,2621223
169843,2012-05-01,3169430
169843,2012-05-02,3158167
169843,2012-05-03,2745869
169843,2012-05-04,2531067
169843,2012-05-05,2207412
169843,2012-05-06,2083162
169843,2012-05-07,2829154
169843,2012-05-08,3501322
169843,2012-05-09,3395616
169843,2012-05-10,2617864
169843,2012-05-11,2590765
169843,2012-05-12,2197237
169843,2012-05-13,2206559
169843,2012-05-14,2998670
169843,2012-05-15,3127204
169843,2012-05-16,2946956
169843,2012-05-17,2781027
169843,2012-05-18,2684712
169843,2012-05-19,2206334
169843,2012-05-20,2428438
169843,2012-05-21,3178999
169843,2012-05-22,3290069
169843,2012-05-23,3646097
169843,2012-05-24,2893352
169843,2012-05-25,2466639
169843,2012-05-26,1861244
169843,2012-05-27,1616396
169843,2012-05-28,1905285
169843,2012-05-29,2495645
169843,2012-05-30,2498571
169843,2012-05-31,2806399
169843,2012-06-01,2582115
169843,2012-06-02,2089347
169843,2012-06-03,1915989
169843,2012-06-04,2281135
169843,2012-06-05,2630396
169843,2012-06-06,2996745
169843,2012-06-07,2967047
169843,2012-06-08,2529427
169843,2012-06-09,1842653
169843,2012-06-10,1745382
169843,2012-06-11,2239118
169843,2012-06-12,2587189
169843,2012-06-13,2684132
169843,2012-06-14,2702377
169843,2012-06-15,2569113
169843,2012-06-16,1867338
169843,2012-06-17,1611524
169843,2012-06-18,2242996
169843,2012-06-19,2625560
169843,2012-06-20,2888177
169843,2012-06-21,2975280
169843,2012-06-22,2802495
169843,2012-06-23,2176758
169843,2012-06-24,2328604
169843,2012-06-25,3042597
169843,2012-06-26,2948000
169843,2012-06-27,3742183
169843,2012-06-28,4964138
169843,2012-06-29,5085256
169843,2012-06-30,3357002
169843,2012-07-01,2765705
169843,2012-07-02,2638107
169843,2012-07-03,2584778
169843,2012-07-04,2378829
169843,2012-07-05,2451100
169843,2012-07-06,2229121
169843,2012-07-07,1790359
169843,2012-07-08,1570043
169843,2012-07-09,2161072
169843,2012-07-10,2847253
169843,2012-07-11,3227194
169843,2012-07-12,3442275
169843,2012-07-13,3390078
169843,2012-07-14,2705211
169843,2012-07-15,2287051
169843,2012-07-16,2850139
169843,2012-07-17,3709977
169843,2012-07-18,4030126
169843,2012-07-19,4035529
169843,2012-07-20,3579764
169843,2012-07-21,2958459
169843,2012-07-22,2706961
169843,2012-07-23,3683398
169843,2012-07-24,4494890
169843,2012-07-25,5121721
169843,2012-07-26,5444296
169843,2012-07-27,5413843
169843,2012-07-28,17492422
169843,2012-07-29,17933446
169843,2012-07-30,19213381
169843,2012-07-31,21977969
169843,2012-08-01,19685848
169843,2012-08-02,20855193
169843,2012-08-03,17214782
169843,2012-08-04,15245916
169843,2012-08-05,15989478
169843,2012-08-06,15576513
169843,2012-08-07,18449346
169843,2012-08-08,18624056
169843,2012-08-09,17024760
169843,2012-08-10,13337856
169843,2012-08-11,12385568
169843,2012-08-12,9500821
169843,2012-08-13,5455602
169843,2012-08-14,4350912
169843,2012-08-15,3784257
169843,2012-08-16,3700882
169843,2012-08-17,3398893
169843,2012-08-18,2935853
169843,2012-08-19,2415321
169843,2012-08-20,2987828
169843,2012-08-21,3016892
169843,2012-08-22,3542515
169843,2012-08-23,3446562
169843,2012-08-24,3029427
169843,2012-08-25,2652365
169843,2012-08-26,2392500
169843,2012-08-27,3019946
169843,2012-08-28,3133846
169843,2012-08-29,2927361
169843,2012-08-30,3081383
169843,2012-08-31,3123673
169843,2012-09-01,2470036
169843,2012-09-02,2063656
169843,2012-09-03,2253418
169843,2012-09-04,3142975
169843,2012-09-05,3989318
169843,2012-09-06,3885633
169843,2012-09-07,3518368
169843,2012-09-08,3701567
169843,2012-09-09,3281722
169843,2012-09-10,3722114
169843,2012-09-11,3551460
169843,2012-09-12,3926628
169843,2012-09-13,3917180
169843,2012-09-14,3191211
169843,2012-09-15,3145341
169843,2012-09-16,3869300
169843,2012-09-17,4471036
169843,2012-09-18,4729577
169843,2012-09-19,5209091
169843,2012-09-20,6002873
169843,2012-09-21,3728944
169843,2012-09-22,3489310
169843,2012-09-23,3481535
169843,2012-09-24,3729590
169843,2012-09-25,4674534
169843,2012-09-26,4259476
169843,2012-09-27,4110420
169843,2012-09-28,7663186
169843,2012-09-29,7559440
169843,2012-09-30,8275440
169843,2012-10-01,5482428
169843,2012-10-02,3816215
169843,2012-10-03,3980486
169843,2012-10-04,3640360
169843,2012-10-05,3416851
169843,2012-10-06,3221325
169843,2012-10-07,3528262
169843,2012-10-08,4242610
169843,2012-10-09,4178671
169843,2012-10-10,4096311
169843,2012-10-11,3648446
169843,2012-10-12,3431461
169843,2012-10-13,3188696
169843,2012-10-14,3562214
169843,2012-10-15,3981261
169843,2012-10-16,4165114
169843,2012-10-17,4237698
169843,2012-10-18,4014466
169843,2012-10-19,3985108
169843,2012-10-20,2054861
169843,2012-10-21,4027849
169843,2012-10-22,4400687
169843,2012-10-23,4650120
169843,2012-10-24,5072652
169843,2012-10-25,5071270
169843,2012-10-26,4781424
169843,2012-10-27,4403172
169843,2012-10-28,3840934
169843,2012-10-29,4733514
169843,2012-10-30,5827935
169843,2012-10-31,6065092
169843,2012-11-01,4305291
169843,2012-11-02,3981424
169843,2012-11-03,3457921
169843,2012-11-04,3292524
169843,2012-11-05,3932806
169843,2012-11-06,4684300
169843,2012-11-07,3665208
169843,2012-11-08,4440316
169843,2012-11-09,3876305
169843,2012-11-10,3324179
169843,2012-11-11,3317035
169843,2012-11-12,3942005
169843,2012-11-13,3841788
169843,2012-11-14,4163213
169843,2012-11-15,3335279
169843,2012-11-16,3183925
169843,2012-11-17,2583329
169843,2012-11-18,2509208
169843,2012-11-19,2938318
169843,2012-11-20,3479597
169843,2012-11-21,3130838
169843,2012-11-22,2733001
169843,2012-11-23,2321693
169843,2012-11-24,2158824
169843,2012-11-25,2101595
169843,2012-11-26,2561627
169843,2012-11-27,3124691
169843,2012-11-28,3285359
169843,2012-11-29,3314202
169843,2012-11-30,2961447
169843,2012-12-01,1838409
169843,2012-12-02,96052
169843,2012-12-03,2321317
169843,2012-12-04,2729317
169843,2012-12-05,2943488
169843,2012-12-06,2868768
169843,2012-12-07,2887132
169843,2012-12-08,2305228
169843,2012-12-09,2301314
169843,2012-12-10,3246002
169843,2012-12-11,3303861
169843,2012-12-12,3432972
169843,2012-12-13,3766650
169843,2012-12-14,3913744
169843,2012-12-15,3337949
169843,2012-12-16,3389133
169843,2012-12-17,3445652
169843,2012-12-18,4503859
169843,2012-12-19,5218236
169843,2012-12-20,5837424
169843,2012-12-21,4452056
169843,2012-12-22,4335197
169843,2012-12-23,4024836
169843,2012-12-24,4947938
169843,2012-12-25,4201770
169843,2012-12-26,5389430
169843,2012-12-27,5290000
169843,2012-12-28,6023784
169843,2012-12-29,5185450
169843,2012-12-30,5144291
169843,2012-12-31,3904533
169843,2013-01-01,2439434
169843,2013-01-02,2849015
169843,2013-01-03,3498169
169843,2013-01-04,3440620
169843,2013-01-05,3069872
169843,2013-01-06,3845287
169843,2013-01-07,4014483
169843,2013-01-08,3743700
169843,2013-01-09,4042371
169843,2013-01-10,2941646
169843,2013-01-11,2939062
169843,2013-01-12,2629773
169843,2013-01-13,2266677
169843,2013-01-14,2998562
169843,2013-01-15,3323055
169843,2013-01-16,3683248
169843,2013-01-17,3961891
169843,2013-01-18,3985820
169843,2013-01-19,3804196
169843,2013-01-20,3942216
169843,2013-01-21,3610276
169843,2013-01-22,3267476
169843,2013-01-23,3524307
169843,2013-01-24,3660521
169843,2013-01-25,3618241
169843,2013-01-26,2993631
169843,2013-01-27,3150435
169843,2013-01-28,3682784
169843,2013-01-29,3524428
169843,2013-01-30,3236955
169843,2013-01-31,3437787
169843,2013-02-01,3656564
169843,2013-02-02,3361566
169843,2013-02-03,3436703
169843,2013-02-04,2823924
169843,2013-02-05,3541846
169843,2013-02-06,3891805
169843,2013-02-07,3818237
169843,2013-02-08,3955395
169843,2013-02-09,3687039
169843,2013-02-10,3451610
169843,2013-02-11,3258944
169843,2013-02-12,3761785
169843,2013-02-13,3632817
169843,2013-02-14,3469251
169843,2013-02-15,3408676
169843,2013-02-16,3247117
169843,2013-02-17,3550935
169843,2013-02-18,3272818
169843,2013-02-19,3448693
169843,2013-02-20,3819877
169843,2013-02-21,3589761
169843,2013-02-22,3385602
169843,2013-02-23,2912365
169843,2013-02-24,3185886
169843,2013-02-25,2829387
169843,2013-02-26,3784229
169843,2013-02-27,3842733
169843,2013-02-28,4065132
169843,2013-03-01,3789356
169843,2013-03-02,3160794
169843,2013-03-03,3826197
169843,2013-03-04,3264270
169843,2013-03-05,3469715
169843,2013-03-06,3651375
169843,2013-03-07,3880766
169843,2013-03-08,3822743
169843,2013-03-09,3469324
169843,2013-03-10,4306261
169843,2013-03-11,3701350
169843,2013-03-12,4072182
169843,2013-03-13,4057781
169843,2013-03-14,3712585
169843,2013-03-15,3443270
169843,2013-03-16,3191941
169843,2013-03-17,3183483
169843,2013-03-18,3344722
169843,2013-03-19,4456907
169843,2013-03-20,4159732
169843,2013-03-21,3962183
169843,2013-03-22,4253206
169843,2013-03-23,3634531
169843,2013-03-24,3701524
169843,2013-03-25,4966060
169843,2013-03-26,5462985
169843,2013-03-27,4752450
169843,2013-03-28,4813360
169843,2013-03-29,5435250
169843,2013-03-30,4424641
169843,2013-03-31,3618470
169843,2013-04-01,4461932
169843,2013-04-02,6644393
169843,2013-04-03,7872847
169843,2013-04-04,7174911
169843,2013-04-05,6113974
169843,2013-04-06,4626520
169843,2013-04-07,6410322
169843,2013-04-08,5765219
169843,2013-04-09,5492044
169843,2013-04-10,6333944
169843,2013-04-11,5248135
169843,2013-04-12,5326791
169843,2013-04-13,4237520
169843,2013-04-14,4449505
169843,2013-04-15,5214639
169843,2013-04-16,5623294
169843,2013-04-17,5434421
169843,2013-04-18,4617424
169843,2013-04-19,4474096
169843,2013-04-20,3882513
169843,2013-04-21,4059748
169843,2013-04-22,4485359
169843,2013-04-23,5049345
169843,2013-04-24,6230692
169843,2013-04-25,5440741
169843,2013-04-26,6832917
169843,2013-04-27,5270235
169843,2013-04-28,5118395
169843,2013-04-29,5944080
169843,2013-04-30,6146904
169843,2013-05-01,5526568
169843,2013-05-02,5152654
169843,2013-05-03,5294305
169843,2013-05-04,6776231
169843,2013-05-05,5635575
169843,2013-05-06,5108942
169843,2013-05-07,5980946
169843,2013-05-08,7352402
169843,2013-05-09,5559111
169843,2013-05-10,5075435
169843,2013-05-11,4554788
169843,2013-05-12,4665231
169843,2013-05-13,6552157
169843,2013-05-14,6703683
169843,2013-05-15,5888620
169843,2013-05-16,6088612
169843,2013-05-17,6181422
169843,2013-05-18,7000491
169843,2013-05-19,5357433
169843,2013-05-20,4861487
169843,2013-05-21,4810329
169843,2013-05-22,5075632
169843,2013-05-23,4792322
169843,2013-05-24,5129204
169843,2013-05-25,4691024
169843,2013-05-26,3959644
169843,2013-05-27,4024795
169843,2013-05-28,4905380
169843,2013-05-29,5125435
169843,2013-05-30,5165960
169843,2013-05-31,4052667
169843,2013-06-01,4275293
169843,2013-06-02,3872298
169843,2013-06-03,4041189
169843,2013-06-04,5182981
169843,2013-06-05,5967927
169843,2013-06-06,5754088
169843,2013-06-07,6030672
169843,2013-06-08,6006317
169843,2013-06-09,4913851
169843,2013-06-10,4143149
169843,2013-06-11,4555142
169843,2013-06-12,5238904
169843,2013-06-13,11519454
169843,2013-06-14,6797054
169843,2013-06-15,6440135
169843,2013-06-16,8521110
169843,2013-06-17,6890599
169843,2013-06-18,5920793
169843,2013-06-19,5089398
169843,2013-06-20,4894177
169843,2013-06-21,4459564
169843,2013-06-22,3946026
169843,2013-06-23,4662315
169843,2013-06-24,3582044
169843,2013-06-25,7268673
169843,2013-06-26,4716141
169843,2013-06-27,4483230
169843,2013-06-28,5422664
169843,2013-06-29,4981516
169843,2013-06-30,6479969
169843,2013-07-01,3514498
169843,2013-07-02,3329903
169843,2013-07-03,3501720
169843,2013-07-04,2417694
169843,2013-07-05,2305846
169843,2013-07-06,2490049
169843,2013-07-07,1813099
169843,2013-07-08,2805797
169843,2013-07-09,3221153
169843,2013-07-10,3283400
169843,2013-07-11,4810712
169843,2013-07-12,3675042
169843,2013-07-13,2648913
169843,2013-07-14,2531369
169843,2013-07-15,3868659
169843,2013-07-16,4064739
169843,2013-07-17,4197997
169843,2013-07-18,5329477
169843,2013-07-19,4005494
169843,2013-07-20,3409470
169843,2013-07-21,2792014
169843,2013-07-22,4039588
169843,2013-07-23,4271604
169843,2013-07-24,4543198
169843,2013-07-25,5008943
169843,2013-07-26,4850648
169843,2013-07-27,4130122
169843,2013-07-28,3492982
169843,2013-07-29,5149018
169843,2013-07-30,4947102
169843,2013-07-31,5377166
169843,2013-08-01,5249072
169843,2013-08-02,4655535
169843,2013-08-03,3553727
169843,2013-08-04,2878123
169843,2013-08-05,8812926
169843,2013-08-06,5291451
169843,2013-08-07,5537815
169843,2013-08-08,4927259
169843,2013-08-09,4580706
169843,2013-08-10,3702326
169843,2013-08-11,2956545
169843,2013-08-12,5009260
169843,2013-08-13,5282208
169843,2013-08-14,5027124
169843,2013-08-15,4893166
169843,2013-08-16,5694349
169843,2013-08-17,5174205
169843,2013-08-18,3923917
169843,2013-08-19,6131208
169843,2013-08-20,5525145
169843,2013-08-21,5573560
169843,2013-08-22,7301252
169843,2013-08-23,7293524
169843,2013-08-24,5454255
169843,2013-08-25,5888052
169843,2013-08-26,8116346
169843,2013-08-27,6396097
169843,2013-08-28,6747934
169843,2013-08-29,6700840
169843,2013-08-30,6356310
169843,2013-08-31,6846349
169843,2013-09-01,4947829
169843,2013-09-02,5262673
169843,2013-09-03,6681544
169843,2013-09-04,7356880
169843,2013-09-05,7442922
169843,2013-09-06,21234814
169843,2013-09-07,4780937
169843,2013-09-08,4703193
169843,2013-09-09,16602057
169843,2013-09-10,7483624
169843,2013-09-11,8946357
169843,2013-09-12,9379150
169843,2013-09-13,8686452
169843,2013-09-14,7581229
169843,2013-09-15,6874297
169843,2013-09-16,21808076
169843,2013-09-17,8676541
169843,2013-09-18,8778867
169843,2013-09-19,9252207
169843,2013-09-20,7948657
169843,2013-09-21,8689199
169843,2013-09-22,6681197
169843,2013-09-23,16709483
169843,2013-09-24,9829086
169843,2013-09-25,10568859
169843,2013-09-26,9650601
169843,2013-09-27,9505446
169843,2013-09-28,8476827
169843,2013-09-29,7695903
169843,2013-09-30,18042949
169843,2013-10-01,15394144
169843,2013-10-02,16309970
169843,2013-10-03,27772525
169843,2013-10-04,30320019
169843,2013-10-05,13360957
169843,2013-10-06,15436111
169843,2013-10-07,24513006
169843,2013-10-08,15829692
169843,2013-10-09,12902208
169843,2013-10-10,10710014
169843,2013-10-11,12964304
169843,2013-10-12,8055265
169843,2013-10-13,8254222
169843,2013-10-14,17422445
169843,2013-10-15,11570012
169843,2013-10-16,13352646
169843,2013-10-17,11606239
169843,2013-10-18,12076555
169843,2013-10-19,8798095
169843,2013-10-20,9181972
169843,2013-10-21,26862206
169843,2013-10-22,16439876
169843,2013-10-23,15168097
169843,2013-10-24,14736736
169843,2013-10-25,15329125
169843,2013-10-26,10347532
169843,2013-10-27,11967051
169843,2013-10-28,21065913
169843,2013-10-29,14657898
169843,2013-10-30,14490900
169843,2013-10-31,13768554
169843,2013-11-01,10225265
169843,2013-11-02,10539732
169843,2013-11-03,9643036
169843,2013-11-04,20975630
169843,2013-11-05,14991706
169843,2013-11-06,17224650
169843,2013-11-07,14623529
169843,2013-11-08,13876215
169843,2013-11-09,9884178
169843,2013-11-10,10387916
169843,2013-11-11,25924088
169843,2013-11-12,18013017
169843,2013-11-13,18234690
169843,2013-11-14,18938837
169843,2013-11-15,20568465
169843,2013-11-16,15225766
169843,2013-11-17,12525774
169843,2013-11-18,40090594
169843,2013-11-19,22166416
169843,2013-11-20,21469900
169843,2013-11-21,20328998
169843,2013-11-22,16044932
169843,2013-11-23,12277580
169843,2013-11-24,12924128
169843,2013-11-25,33733059
169843,2013-11-26,20974351
169843,2013-11-27,14229286
169843,2013-11-28,10022994
169843,2013-11-29,14503090
169843,2013-11-30,9674098
169843,2013-12-01,10342560
169843,2013-12-02,19255938
169843,2013-12-03,13348098
169843,2013-12-04,19532520
169843,2013-12-05,25071315
169843,2013-12-06,19140301
169843,2013-12-07,11456225
169843,2013-12-08,9980779
169843,2013-12-09,22375679
169843,2013-12-10,17654737
169843,2013-12-11,17910726
169843,2013-12-12,18718956
169843,2013-12-13,18746273
169843,2013-12-14,12534514
169843,2013-12-15,10692763
169843,2013-12-16,20126185
169843,2013-12-17,15820126
169843,2013-12-18,18056962
169843,2013-12-19,15917392
169843,2013-12-20,16981538
169843,2013-12-21,12890399
169843,2013-12-22,13311967
169843,2013-12-23,22875131
169843,2013-12-24,15176025
169843,2013-12-25,9542914
169843,2013-12-26,14164020
169843,2013-12-27,13996110
169843,2013-12-28,12644291
169843,2013-12-29,12332403
169843,2013-12-30,25754923
169843,2013-12-31,15649314
169843,2014-01-01,15227450
169843,2014-01-02,19886661
169843,2014-01-03,24756102
169843,2014-01-04,20775780
169843,2014-01-05,30141191
169843,2014-01-06,20268294
169843,2014-01-07,20087288
169843,2014-01-08,21286666
169843,2014-01-09,16990732
169843,2014-01-10,15062521
169843,2014-01-11,10853516
169843,2014-01-12,10541485
169843,2014-01-13,14580030
169843,2014-01-14,16404087
169843,2014-01-15,18930180
169843,2014-01-16,18073753
169843,2014-01-17,15967511
169843,2014-01-18,12157742
169843,2014-01-19,13199823
169843,2014-01-20,17106939
169843,2014-01-21,19332206
169843,2014-01-22,18305823
169843,2014-01-23,16942027
169843,2014-01-24,18998686
169843,2014-01-25,11997088
169843,2014-01-26,13999117
169843,2014-01-27,22665644
169843,2014-01-28,24037176
169843,2014-01-29,20572349
169843,2014-01-30,17506787
169843,2014-01-31,16672318
169843,2014-02-01,11486919
169843,2014-02-02,10985390
169843,2014-02-03,15021270
169843,2014-02-04,21934553
169843,2014-02-05,18926097
169843,2014-02-06,26673482
169843,2014-02-07,36456563
169843,2014-02-08,40995519
169843,2014-02-09,44185377
169843,2014-02-10,47087662
169843,2014-02-11,48410174
169843,2014-02-12,44646888
169843,2014-02-13,50854456
169843,2014-02-14,45401568
169843,2014-02-15,44789369
169843,2014-02-16,34866805
169843,2014-02-17,35463678
169843,2014-02-18,40701612
169843,2014-02-19,72674299
169843,2014-02-20,59327509
169843,2014-02-21,63599756
169843,2014-02-22,22816581
169843,2014-02-23,18420397
169843,2014-02-24,20447645
169843,2014-02-25,24658271
169843,2014-02-26,27029003
169843,2014-02-27,20063436
169843,2014-02-28,20400114
169843,2014-03-01,14554433
169843,2014-03-02,18257522
169843,2014-03-03,21258737
169843,2014-03-04,23427294
169843,2014-03-05,23521994
169843,2014-03-06,29876553
169843,2014-03-07,24574839
169843,2014-03-08,21813085
169843,2014-03-09,23874529
169843,2014-03-10,27809581
169843,2014-03-11,29699190
169843,2014-03-12,30257379
169843,2014-03-13,24440189
169843,2014-03-14,22511732
169843,2014-03-15,17226562
169843,2014-03-16,17564356
169843,2014-03-17,27166510
169843,2014-03-18,35339814
169843,2014-03-19,32312638
169843,2014-03-20,30002913
169843,2014-03-21,25253958
169843,2014-03-22,21529327
169843,2014-03-23,17436570
169843,2014-03-24,43004599
169843,2014-03-25,33870327
169843,2014-03-26,32058770
169843,2014-03-27,22138665
169843,2014-03-28,23628164
169843,2014-03-29,19770123
169843,2014-03-30,17212964
169843,2014-03-31,25684290
169843,2014-04-01,21890151
169843,2014-04-02,24813848
169843,2014-04-03,28826701
169843,2014-04-04,24706622
169843,2014-04-05,15425009
169843,2014-04-06,16655567
169843,2014-04-07,23236134
169843,2014-04-08,27890488
169843,2014-04-09,37062796
169843,2014-04-10,38688088
169843,2014-04-11,28558857
169843,2014-04-12,17744444
169843,2014-04-13,17060974
169843,2014-04-14,29068865
169843,2014-04-15,30588179
169843,2014-04-16,30081967
169843,2014-04-17,26156176
169843,2014-04-18,30482124
169843,2014-04-19,18652403
169843,2014-04-20,17422691
169843,2014-04-21,24246852
169843,2014-04-22,27590355
169843,2014-04-23,32821022
169843,2014-04-24,30131716
169843,2014-04-25,20109025
169843,2014-04-26,15792950
169843,2014-04-27,15278337
169843,2014-04-28,27050083
169843,2014-04-29,33699740
169843,2014-04-30,33222132
169843,2014-05-01,30744997
169843,2014-05-02,26356225
169843,2014-05-03,27724703
169843,2014-05-04,20980866
169843,2014-05-05,30461811
169843,2014-05-06,33194760
169843,2014-05-07,33722817
169843,2014-05-08,26948094
169843,2014-05-09,25334270
169843,2014-05-10,19715435
169843,2014-05-11,18733129
169843,2014-05-12,29159970
169843,2014-05-13,33800737
169843,2014-05-14,30567673
169843,2014-05-15,29660963
169843,2014-05-16,21561849
169843,2014-05-17,18924499
169843,2014-05-18,16465265
169843,2014-05-19,18834470
169843,2014-05-20,22510786
169843,2014-05-21,23136422
169843,2014-05-22,27726007
169843,2014-05-23,27390245
169843,2014-05-24,13266646
169843,2014-05-25,11339165
169843,2014-05-26,12084040
169843,2014-05-27,16100458
169843,2014-05-28,20210224
169843,2014-05-29,19473222
169843,2014-05-30,16434652
169843,2014-05-31,14054947
169843,2014-06-01,10439937
169843,2014-06-02,18359322
169843,2014-06-03,15208062
169843,2014-06-04,15986655
169843,2014-06-05,18791286
169843,2014-06-06,14246192
169843,2014-06-07,18839431
169843,2014-06-08,18994305
169843,2014-06-09,14657301
169843,2014-06-10,18127667
169843,2014-06-11,16978137
169843,2014-06-12,18919779
169843,2014-06-13,14997779
169843,2014-06-14,19542492
169843,2014-06-15,11461128
169843,2014-06-16,16179701
169843,2014-06-17,16479442
169843,2014-06-18,15610810
169843,2014-06-19,16616565
169843,2014-06-20,14726645
169843,2014-06-21,11535936
169843,2014-06-22,9274919
169843,2014-06-23,14164544
169843,2014-06-24,17203026
169843,2014-06-25,16437217
169843,2014-06-26,13271405
169843,2014-06-27,14963986
169843,2014-06-28,12841733
169843,2014-06-29,10176373
169843,2014-06-30,13561944
169843,2014-07-01,13544887
169843,2014-07-02,14029236
169843,2014-07-03,13336187
169843,2014-07-04,8315210
169843,2014-07-05,7762575
169843,2014-07-06,7550947
169843,2014-07-07,12171739
169843,2014-07-08,12348687
169843,2014-07-09,13708163
169843,2014-07-10,13394077
169843,2014-07-11,13476158
169843,2014-07-12,10904967
169843,2014-07-13,7826570
169843,2014-07-14,11157402
169843,2014-07-15,12401549
169843,2014-07-16,12648756
169843,2014-07-17,13509744
169843,2014-07-18,14201225
169843,2014-07-19,11401383
169843,2014-07-20,9600693
169843,2014-07-21,12350292
169843,2014-07-22,13271269
169843,2014-07-23,13628590
169843,2014-07-24,15729018
169843,2014-07-25,13826296
169843,2014-07-26,10487992
169843,2014-07-27,9659646
169843,2014-07-28,12282024
169843,2014-07-29,13010292
169843,2014-07-30,13966009
169843,2014-07-31,14980211
169843,2014-08-01,14527081
169843,2014-08-02,10046616
169843,2014-08-03,9254766
169843,2014-08-04,13976631
169843,2014-08-05,13461456
169843,2014-08-06,15752822
169843,2014-08-07,15189700
169843,2014-08-08,15767756
169843,2014-08-09,11082922
169843,2014-08-10,9736536
169843,2014-08-11,13705477
169843,2014-08-12,17595966
169843,2014-08-13,19907743
169843,2014-08-14,17980819
169843,2014-08-15,17689132
169843,2014-08-16,14682195
169843,2014-08-17,11647469
169843,2014-08-18,14614581
169843,2014-08-19,15138934
169843,2014-08-20,15281457
169843,2014-08-21,15114032
169843,2014-08-22,13388493
169843,2014-08-23,11793880
169843,2014-08-24,10854765
169843,2014-08-25,16146604
169843,2014-08-26,14810021
169843,2014-08-27,16482316
169843,2014-08-28,14880296
169843,2014-08-29,14573418
169843,2014-08-30,12794273
169843,2014-08-31,11272518
169843,2014-09-01,10123179
169843,2014-09-02,13721444
169843,2014-09-03,16738286
169843,2014-09-04,16817136
169843,2014-09-05,31116630
169843,2014-09-06,11249058
169843,2014-09-07,13137088
169843,2014-09-08,25890595
169843,2014-09-09,16272350
169843,2014-09-10,15417119
169843,2014-09-11,16092513
169843,2014-09-12,14848838
169843,2014-09-13,13489994
169843,2014-09-14,12449412
169843,2014-09-15,23108382
169843,2014-09-16,14663757
169843,2014-09-17,15108368
169843,2014-09-18,14854093
169843,2014-09-19,15231936
169843,2014-09-20,12804701
169843,2014-09-21,12149488
169843,2014-09-22,20759767
169843,2014-09-23,18380621
169843,2014-09-24,19804335
169843,2014-09-25,18505050
169843,2014-09-26,24053464
169843,2014-09-27,18991518
169843,2014-09-28,21204025
169843,2014-09-29,33612909
169843,2014-09-30,26857660
169843,2014-10-01,20049192
169843,2014-10-02,21538374
169843,2014-10-03,19253589
169843,2014-10-04,16113229
169843,2014-10-05,16509268
169843,2014-10-06,30475514
169843,2014-10-07,21713147
169843,2014-10-08,20487474
169843,2014-10-09,23362842
169843,2014-10-10,26944173
169843,2014-10-11,16951619
169843,2014-10-12,18730891
169843,2014-10-13,27748714
169843,2014-10-14,22636035
169843,2014-10-15,24150540
169843,2014-10-16,22028489
169843,2014-10-17,21727986
169843,2014-10-18,18050961
169843,2014-10-19,15646463
169843,2014-10-20,28979410
169843,2014-10-21,17871060
169843,2014-10-22,22058146
169843,2014-10-23,20125650
169843,2014-10-24,20755409
169843,2014-10-25,15496743
169843,2014-10-26,18038089
169843,2014-10-27,37535960
169843,2014-10-28,25287912
169843,2014-10-29,23632110
169843,2014-10-30,20291830
169843,2014-10-31,23377649
169843,2014-11-01,17947017
169843,2014-11-02,19872173
169843,2014-11-03,32470003
169843,2014-11-04,22330224
169843,2014-11-05,23560174
169843,2014-11-06,21437335
169843,2014-11-07,21509961
169843,2014-11-08,19248554
169843,2014-11-09,17496665
169843,2014-11-10,39269664
169843,2014-11-11,20965668
169843,2014-11-12,21772071
169843,2014-11-13,22700966
169843,2014-11-14,22075828
169843,2014-11-15,18358266
169843,2014-11-16,20717577
169843,2014-11-17,33399553
169843,2014-11-18,21479891
169843,2014-11-19,24420412
169843,2014-11-20,22595393
169843,2014-11-21,33238668
169843,2014-11-22,18056826
169843,2014-11-23,18225374
169843,2014-11-24,30896776
169843,2014-11-25,25507920
169843,2014-11-26,22487402
169843,2014-11-27,16976551
169843,2014-11-28,21868972
169843,2014-11-29,18792718
169843,2014-11-30,19183795
169843,2014-12-01,24954739
169843,2014-12-02,20221657
169843,2014-12-03,22831126
169843,2014-12-04,21886404
169843,2014-12-05,21238953
169843,2014-12-06,16572621
169843,2014-12-07,19847829
169843,2014-12-08,33552410
169843,2014-12-09,23350718
169843,2014-12-10,24900809
169843,2014-12-11,24126205
169843,2014-12-12,21367730
169843,2014-12-13,19585258
169843,2014-12-14,18864459
169843,2014-12-15,31448905
169843,2014-12-16,26265909
169843,2014-12-17,26284191
169843,2014-12-18,21901495
169843,2014-12-19,19943729
169843,2014-12-20,15104175
169843,2014-12-21,17485835
169843,2014-12-22,25488925
169843,2014-12-23,18673230
169843,2014-12-24,17331713
169843,2014-12-25,10115354
169843,2014-12-26,11956063
169843,2014-12-27,11364385
169843,2014-12-28,14516905
169843,2014-12-29,40206154
169843,2014-12-30,18330365
169843,2014-12-31,15838138
169843,2015-01-01,14911204
169843,2015-01-02,14958686
169843,2015-01-03,13990161
169843,2015-01-04,21971033
169843,2015-01-05,17601512
169843,2015-01-06,19656683
169843,2015-01-07,22696550
169843,2015-01-08,22588172
169843,2015-01-09,23004804
169843,2015-01-10,28045616
169843,2015-01-11,21358469
169843,2015-01-12,20809488
169843,2015-01-13,20857988
169843,2015-01-14,24144096
169843,2015-01-15,22526182
169843,2015-01-16,22278043
169843,2015-01-17,18170421
169843,2015-01-18,19859897
169843,2015-01-19,20532844
169843,2015-01-20,19612900
169843,2015-01-21,24933252
169843,2015-01-22,24551720
169843,2015-01-23,21175925
169843,2015-01-24,18480343
169843,2015-01-25,18373809
169843,2015-01-26,22709660
169843,2015-01-27,25698986
169843,2015-01-28,23071611
169843,2015-01-29,21831473
169843,2015-01-30,20428145
169843,2015-01-31,18079073
169843,2015-02-01,60701917
169843,2015-02-02,125637407
169843,2015-02-03,23501406
169843,2015-02-04,26194158
169843,2015-02-05,27601455
169843,2015-02-06,24637746
169843,2015-02-07,19158316
169843,2015-02-08,17077845
169843,2015-02-09,20831821
169843,2015-02-10,22244805
169843,2015-02-11,23104105
169843,2015-02-12,22069715
169843,2015-02-13,20772915
169843,2015-02-14,17675210
169843,2015-02-15,17544727
169843,2015-02-16,27649345
169843,2015-02-17,28263902
169843,2015-02-18,23837386
169843,2015-02-19,25556264
169843,2015-02-20,24355167
169843,2015-02-21,21126650
169843,2015-02-22,19209572
169843,2015-02-23,20590614
169843,2015-02-24,19652892
169843,2015-02-25,23826170
169843,2015-02-26,24972088
169843,2015-02-27,23608324
169843,2015-02-28,18711705
169843,2015-03-01,21953574
169843,2015-03-02,24196834
169843,2015-03-03,24103142
169843,2015-03-04,28466488
169843,2015-03-05,25589068
169843,2015-03-06,24716450
169843,2015-03-07,19341033
169843,2015-03-08,21190977
169843,2015-03-09,25283884
169843,2015-03-10,27728435
169843,2015-03-11,27739337
169843,2015-03-12,25054854
169843,2015-03-13,24295511
169843,2015-03-14,18743333
169843,2015-03-15,18208253
169843,2015-03-16,19285412
169843,2015-03-17,20500886
169843,2015-03-18,23446863
169843,2015-03-19,21106671
169843,2015-03-20,21352865
169843,2015-03-21,16577670
169843,2015-03-22,16561221
169843,2015-03-23,18172296
169843,2015-03-24,20713505
169843,2015-03-25,21883749
169843,2015-03-26,24021743
169843,2015-03-27,21841547
169843,2015-03-28,16883055
169843,2015-03-29,16036299
169843,2015-03-30,19314884
169843,2015-03-31,21122378
169843,2015-04-01,20619647
169843,2015-04-02,19967318
169843,2015-04-03,20763650
169843,2015-04-04,15595049
169843,2015-04-05,16306760
169843,2015-04-06,18896526
169843,2015-04-07,20067991
169843,2015-04-08,25572713
169843,2015-04-09,23483776
169843,2015-04-10,23585282
169843,2015-04-11,16196730
169843,2015-04-12,17429822
169843,2015-04-13,20424233
169843,2015-04-14,21530183
169843,2015-04-15,22918721
169843,2015-04-16,25409797
169843,2015-04-17,22233263
169843,2015-04-18,17643501
169843,2015-04-19,16349910
169843,2015-04-20,23372370
169843,2015-04-21,22622858
169843,2015-04-22,26408089
169843,2015-04-23,24760378
169843,2015-04-24,23564205
169843,2015-04-25,20750570
169843,2015-04-26,19800350
169843,2015-04-27,22833743
169843,2015-04-28,25551503
169843,2015-04-29,20736490
169843,2015-04-30,23445284
169843,2015-05-01,24422402
169843,2015-05-02,25965912
169843,2015-05-03,17925739
169843,2015-05-04,25575729
169843,2015-05-05,23807459
169843,2015-05-06,24860325
169843,2015-05-07,26553675
169843,2015-05-08,23031888
169843,2015-05-09,17115547
169843,2015-05-10,16069830
169843,2015-05-11,25083246
169843,2015-05-12,22419643
169843,2015-05-13,25232777
169843,2015-05-14,26699565
169843,2015-05-15,20065100
169843,2015-05-16,18213075
169843,2015-05-17,18788013
169843,2015-05-18,25175216
169843,2015-05-19,23922237
169843,2015-05-20,28248410
169843,2015-05-21,25524152
169843,2015-05-22,23745358
169843,2015-05-23,14045328
169843,2015-05-24,14008311
169843,2015-05-25,14012992
169843,2015-05-26,20648840
169843,2015-05-27,20607656
169843,2015-05-28,22208596
169843,2015-05-29,18252873
169843,2015-05-30,19126370
169843,2015-05-31,15212696
169843,2015-06-01,22054319
169843,2015-06-02,23416886
169843,2015-06-03,25544623
169843,2015-06-04,23623593
169843,2015-06-05,17611746
169843,2015-06-06,17594625
169843,2015-06-07,19002561
169843,2015-06-08,18496435
169843,2015-06-09,24200242
169843,2015-06-10,18898779
169843,2015-06-11,22912073
169843,2015-06-12,17276105
169843,2015-06-13,13188657
169843,2015-06-14,13656496
169843,2015-06-15,19645799
169843,2015-06-16,25407559
169843,2015-06-17,23325950
169843,2015-06-18,24569396
169843,2015-06-19,19965856
169843,2015-06-20,12939054
169843,2015-06-21,10718841
169843,2015-06-22,16960211
169843,2015-06-23,20180391
169843,2015-06-24,20895172
169843,2015-06-25,19070871
169843,2015-06-26,23438980
169843,2015-06-27,15453312
169843,2015-06-28,11942999
169843,2015-06-29,18224847
169843,2015-06-30,17564906
169843,2015-07-01,19157471
169843,2015-07-02,18386353
169843,2015-07-03,13390727
169843,2015-07-04,10966745
169843,2015-07-05,10613729
169843,2015-07-06,23178176
169843,2015-07-07,22755606
169843,2015-07-08,21831252
169843,2015-07-09,19056043
169843,2015-07-10,16512570
169843,2015-07-11,11228221
169843,2015-07-12,12080203
169843,2015-07-13,16206449
169843,2015-07-14,18645765
169843,2015-07-15,22843967
169843,2015-07-16,20177681
169843,2015-07-17,17217841
169843,2015-07-18,14108485
169843,2015-07-19,15077843
169843,2015-07-20,18721413
169843,2015-07-21,20970785
169843,2015-07-22,21764822
169843,2015-07-23,22872102
169843,2015-07-24,21058803
169843,2015-07-25,13923993
169843,2015-07-26,13090809
169843,2015-07-27,21392475
169843,2015-07-28,21097486
169843,2015-07-29,22181544
169843,2015-07-30,20774334
169843,2015-07-31,20799653
169843,2015-08-01,14638082
169843,2015-08-02,14463112
169843,2015-08-03,20327360
169843,2015-08-04,21407993
169843,2015-08-05,21489925
169843,2015-08-06,22091129
169843,2015-08-07,23705996
169843,2015-08-08,16977329
169843,2015-08-09,15727461
169843,2015-08-10,28130263
169843,2015-08-11,28295652
169843,2015-08-12,26291349
169843,2015-08-13,25720420
169843,2015-08-14,24886739
169843,2015-08-15,18161951
169843,2015-08-16,16826905
169843,2015-08-17,28242421
169843,2015-08-18,27208006
169843,2015-08-19,22399378
169843,2015-08-20,23566035
169843,2015-08-21,27749846
169843,2015-08-22,21852497
169843,2015-08-23,19283571
169843,2015-08-24,29715892
169843,2015-08-25,26345555
169843,2015-08-26,35457988
169843,2015-08-27,29445044
169843,2015-08-28,26016278
169843,2015-08-29,18182469
169843,2015-08-30,16091305
169843,2015-08-31,21674221
169843,2015-09-01,24704322
169843,2015-09-02,23061623
169843,2015-09-03,24411409
169843,2015-09-04,22761962
169843,2015-09-05,17278314
169843,2015-09-06,16348238
169843,2015-09-07,16683527
169843,2015-09-08,21722162
169843,2015-09-09,24240533
169843,2015-09-10,24235517
169843,2015-09-11,41713028
169843,2015-09-12,18848340
169843,2015-09-13,16638131
169843,2015-09-14,35886540
169843,2015-09-15,23767206
169843,2015-09-16,25741781
169843,2015-09-17,26983592
169843,2015-09-18,25064651
169843,2015-09-19,19512132
169843,2015-09-20,19900840
169843,2015-09-21,36436032
169843,2015-09-22,29673953
169843,2015-09-23,27672481
169843,2015-09-24,27041914
169843,2015-09-25,25487674
169843,2015-09-26,20089797
169843,2015-09-27,19540952
169843,2015-09-28,37902540
169843,2015-09-29,28157326
169843,2015-09-30,30089425
169843,2015-10-01,27341171
169843,2015-10-02,26354397
169843,2015-10-03,18567772
169843,2015-10-04,20984242
169843,2015-10-05,29366054
169843,2015-10-06,27248005
169843,2015-10-07,24817415
169843,2015-10-08,26767504
169843,2015-10-09,25402116
169843,2015-10-10,18665732
169843,2015-10-11,22085580
169843,2015-10-12,34695146
169843,2015-10-13,25611492
169843,2015-10-14,30867245
169843,2015-10-15,31494119
169843,2015-10-16,27649984
169843,2015-10-17,21561793
169843,2015-10-18,23206908
169843,2015-10-19,37986047
169843,2015-10-20,24780736
169843,2015-10-21,26930694
169843,2015-10-22,27538223
169843,2015-10-23,27126628
169843,2015-10-24,22686935
169843,2015-10-25,21532959
169843,2015-10-26,36112233
169843,2015-10-27,26899684
169843,2015-10-28,29475743
169843,2015-10-29,30827694
169843,2015-10-30,24482171
169843,2015-10-31,20407499
169843,2015-11-01,18114802
169843,2015-11-02,38413204
169843,2015-11-03,27124760
169843,2015-11-04,29255196
169843,2015-11-05,29632864
169843,2015-11-06,26297672
169843,2015-11-07,21428898
169843,2015-11-08,23235239
169843,2015-11-09,37600135
169843,2015-11-10,28425022
169843,2015-11-11,31624772
169843,2015-11-12,27914498
169843,2015-11-13,26587453
169843,2015-11-14,28030214
169843,2015-11-15,23533589
169843,2015-11-16,39432189
169843,2015-11-17,33954115
169843,2015-11-18,31768721
169843,2015-11-19,30287600
169843,2015-11-20,27690731
169843,2015-11-21,20158000
169843,2015-11-22,23425409
169843,2015-11-23,34150879
169843,2015-11-24,26296643
169843,2015-11-25,26153323
169843,2015-11-26,20505489
169843,2015-11-27,23591928
169843,2015-11-28,18371731
169843,2015-11-29,16433888
169843,2015-11-30,33377262
169843,2015-12-01,22491031
169843,2015-12-02,32359487
169843,2015-12-03,34770738
169843,2015-12-04,25427383
169843,2015-12-05,22188289
169843,2015-12-06,21573884
169843,2015-12-07,35482994
169843,2015-12-08,27884538
169843,2015-12-09,31657529
169843,2015-12-10,25380079
169843,2015-12-11,24655586
169843,2015-12-12,20808253
169843,2015-12-13,19563887
169843,2015-12-14,35166299
169843,2015-12-15,29017921
169843,2015-12-16,32920824
169843,2015-12-17,28070539
169843,2015-12-18,25919510
169843,2015-12-19,21725948
169843,2015-12-20,23287937
169843,2015-12-21,38276865
169843,2015-12-22,37144010
169843,2015-12-23,31674968
169843,2015-12-24,22835713
169843,2015-12-25,15443671
169843,2015-12-26,18093109
169843,2015-12-27,19301660
169843,2015-12-28,30761587
169843,2015-12-29,27470847
169843,2015-12-30,29545854
169843,2015-12-31,25084639
169843,2016-01-01,20447077
169843,2016-01-02,20468082
169843,2016-01-03,21022722
169843,2016-01-04,39342166
169843,2016-01-05,31800946
169843,2016-01-06,34461181
169843,2016-01-07,34898865
169843,2016-01-08,36158158
169843,2016-01-09,30130957
169843,2016-01-10,45321036
169843,2016-01-11,35666091
169843,2016-01-12,36135143
169843,2016-01-13,35794715
169843,2016-01-14,33764343
169843,2016-01-15,34681820
169843,2016-01-16,28981213
169843,2016-01-17,47183170
169843,2016-01-18,35449822
169843,2016-01-19,31170862
169843,2016-01-20,34603308
169843,2016-01-21,34640434
169843,2016-01-22,36466052
169843,2016-01-23,33219242
169843,2016-01-24,36176778
169843,2016-01-25,35177721
169843,2016-01-26,32990556
169843,2016-01-27,34303170
169843,2016-01-28,34928154
169843,2016-01-29,31282242
169843,2016-01-30,25709063
169843,2016-01-31,24634669
169843,2016-02-01,30502318
169843,2016-02-02,31820029
169843,2016-02-03,27894270
169843,2016-02-04,30258429
169843,2016-02-05,34355046
169843,2016-02-06,27243961
169843,2016-02-07,29405263
169843,2016-02-08,27160988
169843,2016-02-09,30898262
169843,2016-02-10,32965060
169843,2016-02-11,35790529
169843,2016-02-12,33209807
169843,2016-02-13,28502636
169843,2016-02-14,32239912
169843,2016-02-15,34553362
169843,2016-02-16,34992923
169843,2016-02-17,35304760
169843,2016-02-18,37921523
169843,2016-02-19,37816797
169843,2016-02-20,34287339
169843,2016-02-21,34164922
169843,2016-02-22,36745925
169843,2016-02-23,34444963
169843,2016-02-24,38672784
169843,2016-02-25,37463683
169843,2016-02-26,36898607
169843,2016-02-27,28923663
169843,2016-02-28,26989031
169843,2016-02-29,32266037
169843,2016-03-01,36766323
169843,2016-03-02,44143883
169843,2016-03-03,42510687
169843,2016-03-04,37590399
169843,2016-03-05,33602864
169843,2016-03-06,36013450
169843,2016-03-07,35373283
169843,2016-03-08,38633855
169843,2016-03-09,39986066
169843,2016-03-10,40625394
169843,2016-03-11,35692011
169843,2016-03-12,31793110
169843,2016-03-13,34667445
169843,2016-03-14,38338235
169843,2016-03-15,38307098
169843,2016-03-16,38282444
169843,2016-03-17,35534663
169843,2016-03-18,32706161
169843,2016-03-19,29226222
169843,2016-03-20,30081588
169843,2016-03-21,30914515
169843,2016-03-22,34235056
169843,2016-03-23,35742772
169843,2016-03-24,35527406
169843,2016-03-25,33291407
169843,2016-03-26,28113896
169843,2016-03-27,25908672
169843,2016-03-28,32081252
169843,2016-03-29,38357829
169843,2016-03-30,40137642
169843,2016-03-31,38690727
169843,2016-04-01,35541220
169843,2016-04-02,31238882
169843,2016-04-03,31540985
169843,2016-04-04,34326240
169843,2016-04-05,35909141
169843,2016-04-06,40551790
169843,2016-04-07,37883097
169843,2016-04-08,33803329
169843,2016-04-09,29629095
169843,2016-04-10,30243699
169843,2016-04-11,33505871
169843,2016-04-12,33308661
169843,2016-04-13,36002984
169843,2016-04-14,37901778
169843,2016-04-15,37711225
169843,2016-04-16,30025670
169843,2016-04-17,29818815
169843,2016-04-18,34821062
169843,2016-04-19,37557367
169843,2016-04-20,37251223
169843,2016-04-21,38031473
169843,2016-04-22,32980480
169843,2016-04-23,25645867
169843,2016-04-24,24511728
169843,2016-04-25,29515194
169843,2016-04-26,37519883
169843,2016-04-27,35952412
169843,2016-04-28,35562927
169843,2016-04-29,35311692
169843,2016-04-30,28311747
169843,2016-05-01,27606782
169843,2016-05-02,31458735
169843,2016-05-03,36890568
169843,2016-05-04,37338209
169843,2016-05-05,35458838
169843,2016-05-06,34442738
169843,2016-05-07,31697041
169843,2016-05-08,28290032
169843,2016-05-09,32098345
169843,2016-05-10,36897513
169843,2016-05-11,35326253
169843,2016-05-12,33831569
169843,2016-05-13,32853291
169843,2016-05-14,27127065
169843,2016-05-15,27576452
169843,2016-05-16,31179491
169843,2016-05-17,32205365
169843,2016-05-18,32366265
169843,2016-05-19,32489690
169843,2016-05-20,34387346
169843,2016-05-21,29113089
169843,2016-05-22,29432254
169843,2016-05-23,44480573
169843,2016-05-24,49595589
169843,2016-05-25,47315319
169843,2016-05-26,47101121
169843,2016-05-27,39475654
169843,2016-05-28,21779945
169843,2016-05-29,20082652
169843,2016-05-30,23154392
169843,2016-05-31,38130034
169843,2016-06-01,40411099
169843,2016-06-02,33057460
169843,2016-06-03,28276005
169843,2016-06-04,22767019
169843,2016-06-05,23505340
169843,2016-06-06,24334124
169843,2016-06-07,30452439
169843,2016-06-08,33131397
169843,2016-06-09,31338366
169843,2016-06-10,35317329
169843,2016-06-11,30853825
169843,2016-06-12,29525428
169843,2016-06-13,34986964
169843,2016-06-14,32318929
169843,2016-06-15,35906205
169843,2016-06-16,36191271
169843,2016-06-17,31327612
169843,2016-06-18,25659581
169843,2016-06-19,22531045
169843,2016-06-20,31414071
169843,2016-06-21,32726183
169843,2016-06-22,36731380
169843,2016-06-23,34933130
169843,2016-06-24,37380786
169843,2016-06-25,30308643
169843,2016-06-26,25778554
169843,2016-06-27,31971199
169843,2016-06-28,33179912
169843,2016-06-29,31571182
169843,2016-06-30,31099100
169843,2016-07-01,30761249
169843,2016-07-02,23997956
169843,2016-07-03,23898472
169843,2016-07-04,21705295
169843,2016-07-05,25578159
169843,2016-07-06,27891623
169843,2016-07-07,30546072
169843,2016-07-08,31957221
169843,2016-07-09,25895212
169843,2016-07-10,24749511
169843,2016-07-11,30490259
169843,2016-07-12,31837867
169843,2016-07-13,32159480
169843,2016-07-14,40220784
169843,2016-07-15,39946233
169843,2016-07-16,32382357
169843,2016-07-17,34607155
169843,2016-07-18,31550984
169843,2016-07-19,37866277
169843,2016-07-20,35160540
169843,2016-07-21,34064784
169843,2016-07-22,37534397
169843,2016-07-23,32831133
169843,2016-07-24,39033414
169843,2016-07-25,40042729
169843,2016-07-26,43043219
169843,2016-07-27,43357257
169843,2016-07-28,44525298
169843,2016-07-29,39136400
169843,2016-07-30,33898947
169843,2016-07-31,30774975
169843,2016-08-01,35359209
169843,2016-08-02,35424835
169843,2016-08-03,41419975
169843,2016-08-04,46697831
169843,2016-08-05,45703841
169843,2016-08-06,93882048
169843,2016-08-07,117678979
169843,2016-08-08,126284326
169843,2016-08-09,119436320
169843,2016-08-10,110512988
169843,2016-08-11,102472236
169843,2016-08-12,97029300
169843,2016-08-13,87072781
169843,2016-08-14,74924396
169843,2016-08-15,74860050
169843,2016-08-16,70684327
169843,2016-08-17,75775659
169843,2016-08-18,72643672
169843,2016-08-19,70145508
169843,2016-08-20,55707788
169843,2016-08-21,50273032
169843,2016-08-22,41505776
169843,2016-08-23,38407431
169843,2016-08-24,37238193
169843,2016-08-25,39540238
169843,2016-08-26,41371587
169843,2016-08-27,36423292
169843,2016-08-28,31294982
169843,2016-08-29,35127026
169843,2016-08-30,35188419
169843,2016-08-31,34569091
169843,2016-09-01,36727232
169843,2016-09-02,38775437
169843,2016-09-03,34863993
169843,2016-09-04,29867167
169843,2016-09-05,29845319
169843,2016-09-06,31154660
169843,2016-09-07,35571093
169843,2016-09-08,42503397
169843,2016-09-09,61274302
169843,2016-09-10,35402322
169843,2016-09-11,32046481
169843,2016-09-12,54260123
169843,2016-09-13,38053954
169843,2016-09-14,37941794
169843,2016-09-15,39455862
169843,2016-09-16,41010572
169843,2016-09-17,38117557
169843,2016-09-18,37190198
169843,2016-09-19,54476403
169843,2016-09-20,44121224
169843,2016-09-21,48917114
169843,2016-09-22,44788499
169843,2016-09-23,50927972
169843,2016-09-24,42420341
169843,2016-09-25,35460121
169843,2016-09-26,53708158
169843,2016-09-27,45267146
169843,2016-09-28,42724704
169843,2016-09-29,41097497
169843,2016-09-30,51498035
169843,2016-10-01,41365134
169843,2016-10-02,44520829
169843,2016-10-03,57496918
169843,2016-10-04,47356794
169843,2016-10-05,46516122
169843,2016-10-06,44466569
169843,2016-10-07,42606302
169843,2016-10-08,43624284
169843,2016-10-09,44281800
169843,2016-10-10,59854921
169843,2016-10-11,46950988
169843,2016-10-12,46156061
169843,2016-10-13,46246278
169843,2016-10-14,44432545
169843,2016-10-15,41665495
169843,2016-10-16,43463085
169843,2016-10-17,52743287
169843,2016-10-18,43286218
169843,2016-10-19,41473919
169843,2016-10-20,44860184
169843,2016-10-21,42299734
169843,2016-10-22,36516047
169843,2016-10-23,41791516
169843,2016-10-24,56862337
169843,2016-10-25,40542449
169843,2016-10-26,41527923
169843,2016-10-27,41600523
169843,2016-10-28,44199619
169843,2016-10-29,38751387
169843,2016-10-30,33749185
169843,2016-10-31,53628770
169843,2016-11-01,37674751
169843,2016-11-02,41108723
169843,2016-11-03,40228672
169843,2016-11-04,40346645
169843,2016-11-05,35908973
169843,2016-11-06,38369285
169843,2016-11-07,54914291
169843,2016-11-08,44910600
169843,2016-11-09,65738095
169843,2016-11-10,44034025
169843,2016-11-11,42428201
169843,2016-11-12,39337517
169843,2016-11-13,46574113
169843,2016-11-14,59708148
169843,2016-11-15,44074987
169843,2016-11-16,44984359
169843,2016-11-17,43013910
169843,2016-11-18,62836375
169843,2016-11-19,41371386
169843,2016-11-20,44153719
169843,2016-11-21,54912672
169843,2016-11-22,45202553
169843,2016-11-23,41626888
169843,2016-11-24,32460708
169843,2016-11-25,33867615
169843,2016-11-26,31711296
169843,2016-11-27,30055909
169843,2016-11-28,39058918
169843,2016-11-29,42118062
169843,2016-11-30,42878166
169843,2016-12-01,43994971
169843,2016-12-02,64898676
169843,2016-12-03,38045773
169843,2016-12-04,38479820
169843,2016-12-05,47815242
169843,2016-12-06,45801214
169843,2016-12-07,44062065
169843,2016-12-08,49160751
169843,2016-12-09,61767729
169843,2016-12-10,39078427
169843,2016-12-11,38854778
169843,2016-12-12,53029432
169843,2016-12-13,44607142
169843,2016-12-14,50959631
169843,2016-12-15,47006390
169843,2016-12-16,52923388
169843,2016-12-17,34958246
169843,2016-12-18,36587764
169843,2016-12-19,52362524
169843,2016-12-20,42907872
169843,2016-12-21,39591799
169843,2016-12-22,42385380
169843,2016-12-23,53807552
169843,2016-12-24,28158844
169843,2016-12-25,21867177
169843,2016-12-26,33872340
169843,2016-12-27,37847382
169843,2016-12-28,39127433
169843,2016-12-29,43727803
169843,2016-12-30,37912597
169843,2016-12-31,31676232
169843,2017-01-01,28803857
169843,2017-01-02,44748734
169843,2017-01-03,42837957
169843,2017-01-04,46027631
169843,2017-01-05,44774657
169843,2017-01-06,55016302
169843,2017-01-07,42858254
169843,2017-01-08,49178033
169843,2017-01-09,47618411
169843,2017-01-10,45103482
169843,2017-01-11,45591019
169843,2017-01-12,51792869
169843,2017-01-13,51307647
169843,2017-01-14,43459664
169843,2017-01-15,42424864
169843,2017-01-16,59020005
169843,2017-01-17,44057932
169843,2017-01-18,48256844
169843,2017-01-19,51116458
169843,2017-01-20,52876830
169843,2017-01-21,46351898
169843,2017-01-22,48019198
169843,2017-01-23,49437800
169843,2017-01-24,53023341
169843,2017-01-25,47618455
169843,2017-01-26,53135063
169843,2017-01-27,51487408
169843,2017-01-28,44520020
169843,2017-01-29,45499412
169843,2017-01-30,49330057
169843,2017-01-31,50806180
169843,2017-02-01,57839343
169843,2017-02-02,56728827
169843,2017-02-03,59827201
169843,2017-02-04,46334105
169843,2017-02-05,54250880
169843,2017-02-06,51289519
169843,2017-02-07,53169460
169843,2017-02-08,52953145
169843,2017-02-09,57152768
169843,2017-02-10,53570642
169843,2017-02-11,48391611
169843,2017-02-12,58619053
169843,2017-02-13,57293276
169843,2017-02-14,51634807
169843,2017-02-15,53057367
169843,2017-02-16,54537973
169843,2017-02-17,54382162
169843,2017-02-18,46360042
169843,2017-02-19,40673172
169843,2017-02-20,41739338
169843,2017-02-21,44639049
169843,2017-02-22,50156643
169843,2017-02-23,47929877
169843,2017-02-24,51508075
169843,2017-02-25,43761670
169843,2017-02-26,41679100
169843,2017-02-27,48532548
169843,2017-02-28,48744056
169843,2017-03-01,49983754
169843,2017-03-02,52592460
169843,2017-03-03,48704595
169843,2017-03-04,43687606
169843,2017-03-05,44900060
169843,2017-03-06,47657214
169843,2017-03-07,49282908
169843,2017-03-08,44087583
169843,2017-03-09,46322465
169843,2017-03-10,45519127
169843,2017-03-11,37717194
169843,2017-03-12,44850750
169843,2017-03-13,47067225
169843,2017-03-14,47717021
169843,2017-03-15,52877996
169843,2017-03-16,44940918
169843,2017-03-17,44000067
169843,2017-03-18,39292555
169843,2017-03-19,37188456
169843,2017-03-20,41027421
169843,2017-03-21,46631763
169843,2017-03-22,47946325
169843,2017-03-23,46550198
169843,2017-03-24,45368198
169843,2017-03-25,39570827
169843,2017-03-26,33297705
169843,2017-03-27,35942343
169843,2017-03-28,41721639
169843,2017-03-29,42756684
169843,2017-03-30,40452188
169843,2017-03-31,42222279
169843,2017-04-01,40610115
169843,2017-04-02,34896074
169843,2017-04-03,40238001
169843,2017-04-04,44854405
169843,2017-04-05,49738240
169843,2017-04-06,49034179
169843,2017-04-07,50235678
169843,2017-04-08,39317438
169843,2017-04-09,43844085
169843,2017-04-10,46601243
169843,2017-04-11,47191777
169843,2017-04-12,44441426
169843,2017-04-13,47042712
169843,2017-04-14,44545050
169843,2017-04-15,38401707
169843,2017-04-16,45992450
169843,2017-04-17,47092566
169843,2017-04-18,48199789
169843,2017-04-19,50114343
169843,2017-04-20,51239837
169843,2017-04-21,49534661
169843,2017-04-22,43519126
169843,2017-04-23,39651329
169843,2017-04-24,45551843
169843,2017-04-25,52198757
169843,2017-04-26,47771002
169843,2017-04-27,50162139
169843,2017-04-28,50105791
169843,2017-04-29,44105639
169843,2017-04-30,42672214
169843,2017-05-01,46083511
169843,2017-05-02,53779494
169843,2017-05-03,47524506
169843,2017-05-04,48258951
169843,2017-05-05,48055303
169843,2017-05-06,47009373
169843,2017-05-07,45788385
169843,2017-05-08,46378283
169843,2017-05-09,48979106
169843,2017-05-10,50145849
169843,2017-05-11,51972628
169843,2017-05-12,49868924
169843,2017-05-13,44756258
169843,2017-05-14,48491578
169843,2017-05-15,48107790
169843,2017-05-16,51896867
169843,2017-05-17,53798028
169843,2017-05-18,54858649
169843,2017-05-19,51154028
169843,2017-05-20,45161736
169843,2017-05-21,47629573
169843,2017-05-22,47955519
169843,2017-05-23,53496927
169843,2017-05-24,50690713
169843,2017-05-25,53151331
169843,2017-05-26,52035715
169843,2017-05-27,40925062
169843,2017-05-28,39355122
169843,2017-05-29,41198682
169843,2017-05-30,53599285
169843,2017-05-31,50508675
169843,2017-06-01,53819600
169843,2017-06-02,44771079
169843,2017-06-03,42246499
169843,2017-06-04,41631966
169843,2017-06-05,45678969
169843,2017-06-06,52885323
169843,2017-06-07,48682089
169843,2017-06-08,49508449
169843,2017-06-09,53140170
169843,2017-06-10,43182958
169843,2017-06-11,40916593
169843,2017-06-12,51222560
169843,2017-06-13,52623583
169843,2017-06-14,56018068
169843,2017-06-15,56434267
169843,2017-06-16,54863823
169843,2017-06-17,43849513
169843,2017-06-18,41625714
169843,2017-06-19,48634679
169843,2017-06-20,53501395
169843,2017-06-21,59051786
169843,2017-06-22,61358898
169843,2017-06-23,57110365
169843,2017-06-24,49522506
169843,2017-06-25,47633780
169843,2017-06-26,50770940
169843,2017-06-27,54999876
169843,2017-06-28,60809142
169843,2017-06-29,62222377
169843,2017-06-30,58925653
169843,2017-07-01,50932808
169843,2017-07-02,47460287
169843,2017-07-03,47638444
169843,2017-07-04,46995971
169843,2017-07-05,49648633
169843,2017-07-06,59300060
169843,2017-07-07,56790372
169843,2017-07-08,49943142
169843,2017-07-09,50335087
169843,2017-07-10,54621122
169843,2017-07-11,56223546
169843,2017-07-12,57176924
169843,2017-07-13,57931899
169843,2017-07-14,57604836
169843,2017-07-15,46731937
169843,2017-07-16,43182069
169843,2017-07-17,49106741
169843,2017-07-18,57278886
169843,2017-07-19,57357725
169843,2017-07-20,68261397
169843,2017-07-21,62551359
169843,2017-07-22,51896169
169843,2017-07-23,52355042
169843,2017-07-24,50817352
169843,2017-07-25,55081392
169843,2017-07-26,62325885
169843,2017-07-27,80178162
169843,2017-07-28,80271647
169843,2017-07-29,67260240
169843,2017-07-30,59204374
169843,2017-07-31,65007911
169843,2017-08-01,74502372
169843,2017-08-02,79256361
169843,2017-08-03,80178123
169843,2017-08-04,73017946
169843,2017-08-05,60065537
169843,2017-08-06,55776689
169843,2017-08-07,59334078
169843,2017-08-08,57836273
169843,2017-08-09,60872481
169843,2017-08-10,59529802
169843,2017-08-11,59534551
169843,2017-08-12,56324438
169843,2017-08-13,53638041
169843,2017-08-14,53320877
169843,2017-08-15,58555046
169843,2017-08-16,62884380
169843,2017-08-17,62725488
169843,2017-08-18,61107126
169843,2017-08-19,53157594
169843,2017-08-20,48313932
169843,2017-08-21,53712501
169843,2017-08-22,52762129
169843,2017-08-23,53336632
169843,2017-08-24,57032256
169843,2017-08-25,62280370
169843,2017-08-26,56504205
169843,2017-08-27,49675696
169843,2017-08-28,56052972
169843,2017-08-29,57231479
169843,2017-08-30,60899876
169843,2017-08-31,60859390
169843,2017-09-01,58233803
169843,2017-09-02,71242442
169843,2017-09-03,50821221
169843,2017-09-04,49536540
169843,2017-09-05,62501142
169843,2017-09-06,63677608
169843,2017-09-07,60471466
169843,2017-09-08,74371719
169843,2017-09-09,58675534
169843,2017-09-10,104583011
169843,2017-09-11,71591266
169843,2017-09-12,57386931
169843,2017-09-13,61604930
169843,2017-09-14,61724783
169843,2017-09-15,58129810
169843,2017-09-16,56536278
169843,2017-09-17,55016638
169843,2017-09-18,64321681
169843,2017-09-19,61960767
169843,2017-09-20,65833624
169843,2017-09-21,64347913
169843,2017-09-22,64486022
169843,2017-09-23,57996558
169843,2017-09-24,53726874
169843,2017-09-25,64155703
169843,2017-09-26,62786763
169843,2017-09-27,69426126
169843,2017-09-28,71311228
169843,2017-09-29,62103659
169843,2017-09-30,61538168
169843,2017-10-01,66012339
169843,2017-10-02,82061186
169843,2017-10-03,70967356
169843,2017-10-04,70699551
169843,2017-10-05,69705295
169843,2017-10-06,71295899
169843,2017-10-07,64869868
169843,2017-10-08,69250475
169843,2017-10-09,75570378
169843,2017-10-10,71930932
169843,2017-10-11,79775547
169843,2017-10-12,75708287
169843,2017-10-13,73447674
169843,2017-10-14,68689273
169843,2017-10-15,72967419
169843,2017-10-16,96282331
169843,2017-10-17,73882422
169843,2017-10-18,74097507
169843,2017-10-19,71378310
169843,2017-10-20,66243353
169843,2017-10-21,61295579
169843,2017-10-22,57628804
169843,2017-10-23,78343741
169843,2017-10-24,68093125
169843,2017-10-25,72611179
169843,2017-10-26,66525590
169843,2017-10-27,65781275
169843,2017-10-28,64389163
169843,2017-10-29,57736552
169843,2017-10-30,66720769
169843,2017-10-31,63224299
169843,2017-11-01,66968381
169843,2017-11-02,66537730
169843,2017-11-03,64770743
169843,2017-11-04,57878655
169843,2017-11-05,61081348
169843,2017-11-06,72850557
169843,2017-11-07,59736277
169843,2017-11-08,59798579
169843,2017-11-09,55378853
169843,2017-11-10,69184808
169843,2017-11-11,48945772
169843,2017-11-12,55370993
169843,2017-11-13,73002802
169843,2017-11-14,55342870
169843,2017-11-15,57828045
169843,2017-11-16,57124551
169843,2017-11-17,70621727
169843,2017-11-18,52919153
169843,2017-11-19,53931248
169843,2017-11-20,75893372
169843,2017-11-21,55033755
169843,2017-11-22,53608192
169843,2017-11-23,48308904
169843,2017-11-24,51135190
169843,2017-11-25,46117509
169843,2017-11-26,44437634
169843,2017-11-27,64809218
169843,2017-11-28,55806656
169843,2017-11-29,69744023
169843,2017-11-30,73812971
169843,2017-12-01,80242367
169843,2017-12-02,53397523
169843,2017-12-03,55192193
169843,2017-12-04,80109097
169843,2017-12-05,55262726
169843,2017-12-06,59085818
169843,2017-12-07,58092248
169843,2017-12-08,70001607
169843,2017-12-09,52551157
169843,2017-12-10,55572058
169843,2017-12-11,74078979
169843,2017-12-12,56625307
169843,2017-12-13,61201825
169843,2017-12-14,54911596
169843,2017-12-15,63519608
169843,2017-12-16,49141119
169843,2017-12-17,49838589
169843,2017-12-18,73151666
169843,2017-12-19,58405932
169843,2017-12-20,57211955
169843,2017-12-21,56034071
169843,2017-12-22,53238186
169843,2017-12-23,44492810
169843,2017-12-24,44853178
169843,2017-12-25,39228886
169843,2017-12-26,43690099
169843,2017-12-27,46875738
169843,2017-12-28,50181142
169843,2017-12-29,50543418
169843,2017-12-30,47160447
169843,2017-12-31,41819297
169843,2018-01-01,39297785
169843,2018-01-02,51664717
169843,2018-01-03,57969628
169843,2018-01-04,57611986
169843,2018-01-05,59860570
169843,2018-01-06,52784356
169843,2018-01-07,58269913
169843,2018-01-08,57319504
169843,2018-01-09,56520960
169843,2018-01-10,57812660
169843,2018-01-11,63895204
169843,2018-01-12,66223511
169843,2018-01-13,73195776
169843,2018-01-14,65556265
169843,2018-01-15,59587214
169843,2018-01-16,62223778
169843,2018-01-17,65567620
169843,2018-01-18,65950638
169843,2018-01-19,60444730
169843,2018-01-20,54317087
169843,2018-01-21,57017725
169843,2018-01-22,57122132
169843,2018-01-23,56892539
169843,2018-01-24,58888871
169843,2018-01-25,62897441
169843,2018-01-26,61695337
169843,2018-01-27,55169332
169843,2018-01-28,59679330
169843,2018-01-29,61365402
169843,2018-01-30,62628831
169843,2018-01-31,63053727
169843,2018-02-01,59368369
169843,2018-02-02,59607735
169843,2018-02-03,57772823
169843,2018-02-04,93016656
169843,2018-02-05,119749047
169843,2018-02-06,63533357
169843,2018-02-07,60760290
169843,2018-02-08,65872753
169843,2018-02-09,85154854
169843,2018-02-10,114869258
169843,2018-02-11,128755355
169843,2018-02-12,117966983
169843,2018-02-13,144658565
169843,2018-02-14,167437022
169843,2018-02-15,149088840
169843,2018-02-16,135958011
169843,2018-02-17,93202474
169843,2018-02-18,81439512
169843,2018-02-19,90422057
169843,2018-02-20,87972932
169843,2018-02-21,91785293
169843,2018-02-22,106202392
169843,2018-02-23,88045714
169843,2018-02-24,81051312
169843,2018-02-25,76888552
169843,2018-02-26,59189326
169843,2018-02-27,55579620
169843,2018-02-28,54687313
169843,2018-03-01,57551641
169843,2018-03-02,58096197
169843,2018-03-03,55896028
169843,2018-03-04,61059286
169843,2018-03-05,58226272
169843,2018-03-06,57322675
169843,2018-03-07,61368897
169843,2018-03-08,61454739
169843,2018-03-09,59582144
169843,2018-03-10,62922154
169843,2018-03-11,26144244
169843,2018-03-12,59019477
169843,2018-03-13,62079085
169843,2018-03-14,63162589
169843,2018-03-15,62119610
169843,2018-03-16,68890784
169843,2018-03-17,53752405
169843,2018-03-18,62072233
169843,2018-03-19,62008054
169843,2018-03-20,64368151
169843,2018-03-21,64599913
169843,2018-03-22,63201336
169843,2018-03-23,62609660
169843,2018-03-24,55375720
169843,2018-03-25,50075747
169843,2018-03-26,52026334
169843,2018-03-27,55554337
169843,2018-03-28,55447844
169843,2018-03-29,59099539
169843,2018-03-30,55764896
169843,2018-03-31,50420107
169843,2018-04-01,48381246
169843,2018-04-02,56882854
169843,2018-04-03,57927869
169843,2018-04-04,61094656
169843,2018-04-05,61873978
169843,2018-04-06,61939299
169843,2018-04-07,57099143
169843,2018-04-08,60289327
169843,2018-04-09,60047425
169843,2018-04-10,63793762
169843,2018-04-11,63401616
169843,2018-04-12,63767119
169843,2018-04-13,64928377
169843,2018-04-14,61978225
169843,2018-04-15,68220225
169843,2018-04-16,65987226
169843,2018-04-17,66598248
169843,2018-04-18,66900073
169843,2018-04-19,66799367
169843,2018-04-20,61810393
169843,2018-04-21,59099622
169843,2018-04-22,55777782
169843,2018-04-23,55632484
169843,2018-04-24,61354246
169843,2018-04-25,62283103
169843,2018-04-26,64809052
169843,2018-04-27,66598524
169843,2018-04-28,62989223
169843,2018-04-29,58926982
169843,2018-04-30,58431312
169843,2018-05-01,65750362
169843,2018-05-02,68312252
169843,2018-05-03,71490093
169843,2018-05-04,68692990
169843,2018-05-05,64509619
169843,2018-05-06,71140486
169843,2018-05-07,71135819
169843,2018-05-08,70240215
169843,2018-05-09,65902390
169843,2018-05-10,68900207
169843,2018-05-11,68407322
169843,2018-05-12,60390834
169843,2018-05-13,61547678
169843,2018-05-14,62490638
169843,2018-05-15,68661596
169843,2018-05-16,65919900
169843,2018-05-17,60929858
169843,2018-05-18,62558269
169843,2018-05-19,58919929
169843,2018-05-20,58377236
169843,2018-05-21,57412617
169843,2018-05-22,60003769
169843,2018-05-23,57181389
169843,2018-05-24,57146483
169843,2018-05-25,52790432
169843,2018-05-26,45917538
169843,2018-05-27,41520515
169843,2018-05-28,44536156
169843,2018-05-29,55525858
169843,2018-05-30,52950596
169843,2018-05-31,57516628
169843,2018-06-01,51211702
169843,2018-06-02,45701403
169843,2018-06-03,46870168
169843,2018-06-04,46972367
169843,2018-06-05,53317062
169843,2018-06-06,52139635
169843,2018-06-07,52505455
169843,2018-06-08,56616152
169843,2018-06-09,45859192
169843,2018-06-10,45103754
169843,2018-06-11,49367305
169843,2018-06-12,52260376
169843,2018-06-13,55477146
169843,2018-06-14,63047045
169843,2018-06-15,71045053
169843,2018-06-16,64248666
169843,2018-06-17,65447212
169843,2018-06-18,68068192
169843,2018-06-19,74770310
169843,2018-06-20,79020865
169843,2018-06-21,83575221
169843,2018-06-22,78381934
169843,2018-06-23,75552463
169843,2018-06-24,59826419
169843,2018-06-25,71005928
169843,2018-06-26,82166479
169843,2018-06-27,88509245
169843,2018-06-28,71591900
169843,2018-06-29,59280883
169843,2018-06-30,61032573
169843,2018-07-01,54889377
169843,2018-07-02,69621112
169843,2018-07-03,62793618
169843,2018-07-04,48542130
169843,2018-07-05,48704139
169843,2018-07-06,62976381
169843,2018-07-07,53016054
169843,2018-07-08,45645288
169843,2018-07-09,49898998
169843,2018-07-10,59627261
169843,2018-07-11,63090956
169843,2018-07-12,57136492
169843,2018-07-13,56309808
169843,2018-07-14,52641289
169843,2018-07-15,50521962
169843,2018-07-16,53755407
169843,2018-07-17,65487989
169843,2018-07-18,69522942
169843,2018-07-19,79322453
169843,2018-07-20,81100517
169843,2018-07-21,68536692
169843,2018-07-22,66341431
169843,2018-07-23,62054754
169843,2018-07-24,69641745
169843,2018-07-25,73629504
169843,2018-07-26,73052513
169843,2018-07-27,74227943
169843,2018-07-28,62765541
169843,2018-07-29,53610363
169843,2018-07-30,61275734
169843,2018-07-31,70221756
169843,2018-08-01,69713592
169843,2018-08-02,72019710
169843,2018-08-03,72658186
169843,2018-08-04,65906837
169843,2018-08-05,55384452
169843,2018-08-06,59464829
169843,2018-08-07,73327611
169843,2018-08-08,70898425
169843,2018-08-09,70358180
169843,2018-08-10,60370518
169843,2018-08-11,61822660
169843,2018-08-12,55422839
169843,2018-08-13,61822795
169843,2018-08-14,67438527
169843,2018-08-15,71516981
169843,2018-08-16,75079261
169843,2018-08-17,74383205
169843,2018-08-18,67763609
169843,2018-08-19,60859366
169843,2018-08-20,62349500
169843,2018-08-21,70438573
169843,2018-08-22,73993961
169843,2018-08-23,75102750
169843,2018-08-24,74474207
169843,2018-08-25,70007547
169843,2018-08-26,61440110
169843,2018-08-27,65118460
169843,2018-08-28,67300013
169843,2018-08-29,67582426
169843,2018-08-30,71827227
169843,2018-08-31,68625783
169843,2018-09-01,63829799
169843,2018-09-02,60781549
169843,2018-09-03,56395291
169843,2018-09-04,63394977
169843,2018-09-05,70766185
169843,2018-09-06,78583689
169843,2018-09-07,109991501
169843,2018-09-08,71759125
169843,2018-09-09,60424220
169843,2018-09-10,93164786
169843,2018-09-11,71868615
169843,2018-09-12,69598359
169843,2018-09-13,71365164
169843,2018-09-14,70514560
169843,2018-09-15,69849334
169843,2018-09-16,59845149
169843,2018-09-17,80178742
169843,2018-09-18,66792855
169843,2018-09-19,69577800
169843,2018-09-20,74314054
169843,2018-09-21,69894000
169843,2018-09-22,67277231
169843,2018-09-23,60894678
169843,2018-09-24,79612735
169843,2018-09-25,70576617
169843,2018-09-26,71016951
169843,2018-09-27,66121797
169843,2018-09-28,65184705
169843,2018-09-29,59832625
169843,2018-09-30,69736218
169843,2018-10-01,81538828
169843,2018-10-02,70977659
169843,2018-10-03,70343211
169843,2018-10-04,70302842
169843,2018-10-05,65297357
169843,2018-10-06,61180705
169843,2018-10-07,66567977
169843,2018-10-08,84135370
169843,2018-10-09,65301707
169843,2018-10-10,70063500
169843,2018-10-11,70177003
169843,2018-10-12,66497415
169843,2018-10-13,60384399
169843,2018-10-14,64863028
169843,2018-10-15,85869600
169843,2018-10-16,63589167
169843,2018-10-17,62951702
169843,2018-10-18,63829463
169843,2018-10-19,60903476
169843,2018-10-20,59081251
169843,2018-10-21,55247404
169843,2018-10-22,70259646
169843,2018-10-23,61693945
169843,2018-10-24,63230632
169843,2018-10-25,65731792
169843,2018-10-26,66631441
169843,2018-10-27,60789041
169843,2018-10-28,55850692
169843,2018-10-29,69204209
169843,2018-10-30,61808524
169843,2018-10-31,63595020
169843,2018-11-01,59137257
169843,2018-11-02,68270366
169843,2018-11-03,67295591
169843,2018-11-04,69770730
169843,2018-11-05,87029600
169843,2018-11-06,66350512
169843,2018-11-07,65290140
169843,2018-11-08,63392491
169843,2018-11-09,63607626
169843,2018-11-10,61013703
169843,2018-11-11,67771550
169843,2018-11-12,81357257
169843,2018-11-13,69126762
169843,2018-11-14,67318921
169843,2018-11-15,69353034
169843,2018-11-16,67112719
169843,2018-11-17,61134439
169843,2018-11-18,61234910
169843,2018-11-19,75948255
169843,2018-11-20,64714429
169843,2018-11-21,63215218
169843,2018-11-22,61533819
169843,2018-11-23,63776670
169843,2018-11-24,54865999
169843,2018-11-25,51375715
169843,2018-11-26,72038699
169843,2018-11-27,61901419
169843,2018-11-28,63276496
169843,2018-11-29,64181316
169843,2018-11-30,61285561
169843,2018-12-01,57855452
169843,2018-12-02,58719302
169843,2018-12-03,72535919
169843,2018-12-04,63551595
169843,2018-12-05,64655360
169843,2018-12-06,63578824
169843,2018-12-07,59039521
169843,2018-12-08,57304613
169843,2018-12-09,56530349
169843,2018-12-10,72838820
169843,2018-12-11,64407754
169843,2018-12-12,60212963
169843,2018-12-13,60071339
169843,2018-12-14,57117383
169843,2018-12-15,54495670
169843,2018-12-16,57779165
169843,2018-12-17,76676028
169843,2018-12-18,63204295
169843,2018-12-19,65242570
169843,2018-12-20,64612483
169843,2018-12-21,62788348
169843,2018-12-22,55743183
169843,2018-12-23,47912826
169843,2018-12-24,63393422
169843,2018-12-25,43545477
169843,2018-12-26,55544653
169843,2018-12-27,60819619
169843,2018-12-28,59506967
169843,2018-12-29,56175433
169843,2018-12-30,51276929
169843,2018-12-31,64612686
169843,2019-01-01,53700526
169843,2019-01-02,60286683
169843,2019-01-03,68148340
169843,2019-01-04,67616261
169843,2019-01-05,63469038
169843,2019-01-06,77118820
169843,2019-01-07,82396777
169843,2019-01-08,70107462
169843,2019-01-09,68421124
169843,2019-01-10,70130423
169843,2019-01-11,74414452
169843,2019-01-12,88471671
169843,2019-01-13,70545156
169843,2019-01-14,65320928
169843,2019-01-15,72604800
169843,2019-01-16,74451957
169843,2019-01-17,75261575
169843,2019-01-18,75197118
169843,2019-01-19,69620539
169843,2019-01-20,70204720
169843,2019-01-21,71229891
169843,2019-01-22,72681826
169843,2019-01-23,74872036
169843,2019-01-24,79868176
169843,2019-01-25,77381016
169843,2019-01-26,69982624
169843,2019-01-27,71256096
169843,2019-01-28,68754781
169843,2019-01-29,73595125
169843,2019-01-30,74446309
169843,2019-01-31,75683890
169843,2019-02-01,71618216
169843,2019-02-02,67719069
169843,2019-02-03,63621507
169843,2019-02-04,59773466
169843,2019-02-05,69509428
169843,2019-02-06,71701611
169843,2019-02-07,74470952
169843,2019-02-08,72581473
169843,2019-02-09,67540238
169843,2019-02-10,69008978
169843,2019-02-11,67394053
169843,2019-02-12,70291086
169843,2019-02-13,69770429
169843,2019-02-14,69728780
169843,2019-02-15,71223493
169843,2019-02-16,67252998
169843,2019-02-17,70353908
169843,2019-02-18,72162668
169843,2019-02-19,73185672
169843,2019-02-20,76496182
169843,2019-02-21,76275113
169843,2019-02-22,74615914
169843,2019-02-23,69626819
169843,2019-02-24,66916361
169843,2019-02-25,69185188
169843,2019-02-26,76498451
169843,2019-02-27,81909001
169843,2019-02-28,91026040
169843,2019-03-01,89772872
169843,2019-03-02,86607760
169843,2019-03-03,88995704
169843,2019-03-04,91613624
169843,2019-03-05,89800002
169843,2019-03-06,86627504
169843,2019-03-07,83057376
169843,2019-03-08,81220607
169843,2019-03-09,81964508
169843,2019-03-10,92369427
169843,2019-03-11,89768991
169843,2019-03-12,93369398
169843,2019-03-13,93718920
169843,2019-03-14,90414629
169843,2019-03-15,91929176
169843,2019-03-16,86753521
169843,2019-03-17,84362334
169843,2019-03-18,84733003
169843,2019-03-19,89905353
169843,2019-03-20,88697137
169843,2019-03-21,90812639
169843,2019-03-22,93971136
169843,2019-03-23,86778683
169843,2019-03-24,79770492
169843,2019-03-25,83518636
169843,2019-03-26,84573867
169843,2019-03-27,89387241
169843,2019-03-28,88399190
169843,2019-03-29,86255151
169843,2019-03-30,86104071
169843,2019-03-31,93068477
169843,2019-04-01,97340624
169843,2019-04-02,94231100
169843,2019-04-03,93038397
169843,2019-04-04,91051010
169843,2019-04-05,88625734
169843,2019-04-06,80561235
169843,2019-04-07,83870423
169843,2019-04-08,84088842
169843,2019-04-09,86535791
169843,2019-04-10,85590752
169843,2019-04-11,90141575
169843,2019-04-12,88137235
169843,2019-04-13,83859660
169843,2019-04-14,93002867
169843,2019-04-15,92413374
169843,2019-04-16,93448813
169843,2019-04-17,90150866
169843,2019-04-18,86425432
169843,2019-04-19,90633999
169843,2019-04-20,82905922
169843,2019-04-21,76554858
169843,2019-04-22,84155979
169843,2019-04-23,87747584
169843,2019-04-24,89328534
169843,2019-04-25,87719918
169843,2019-04-26,88248008
169843,2019-04-27,84748183
169843,2019-04-28,78792296
169843,2019-04-29,79701011
169843,2019-04-30,87941895
169843,2019-05-01,88865077
169843,2019-05-02,94991497
169843,2019-05-03,88428995
169843,2019-05-04,84779612
169843,2019-05-05,97947747
169843,2019-05-06,93362212
169843,2019-05-07,97638943
169843,2019-05-08,97664917
169843,2019-05-09,93253219
169843,2019-05-10,88644703
169843,2019-05-11,79057674
169843,2019-05-12,82839761
169843,2019-05-13,78773519
169843,2019-05-14,88984702
169843,2019-05-15,86877734
169843,2019-05-16,91416238
169843,2019-05-17,87616409
169843,2019-05-18,80807988
169843,2019-05-19,85550358
169843,2019-05-20,80866419
169843,2019-05-21,85988747
169843,2019-05-22,90292305
169843,2019-05-23,90572596
169843,2019-05-24,89819570
169843,2019-05-25,84589653
169843,2019-05-26,81771232
169843,2019-05-27,81289398
169843,2019-05-28,86278521
169843,2019-05-29,87792938
169843,2019-05-30,93607698
169843,2019-05-31,86360259
169843,2019-06-01,79828907
169843,2019-06-02,79285860
169843,2019-06-03,78177185
169843,2019-06-04,87443205
169843,2019-06-05,83951487
169843,2019-06-06,83909890
169843,2019-06-07,89516510
169843,2019-06-08,77507602
169843,2019-06-09,75013390
169843,2019-06-10,87023038
169843,2019-06-11,80611193
169843,2019-06-12,85981636
169843,2019-06-13,97606680
169843,2019-06-14,84039525
169843,2019-06-15,77886931
169843,2019-06-16,69008144
169843,2019-06-17,75423834
169843,2019-06-18,81337101
169843,2019-06-19,84331571
169843,2019-06-20,83591955
169843,2019-06-21,79798900
169843,2019-06-22,73915829
169843,2019-06-23,70041330
169843,2019-06-24,76256277
169843,2019-06-25,79418716
169843,2019-06-26,80475123
169843,2019-06-27,87575140
169843,2019-06-28,92241526
169843,2019-06-29,76456406
169843,2019-06-30,71441425
169843,2019-07-01,79588724
169843,2019-07-02,79397117
169843,2019-07-03,84677269
169843,2019-07-04,78468950
169843,2019-07-05,75593145
169843,2019-07-06,77357148
169843,2019-07-07,77715130
169843,2019-07-08,81311611
169843,2019-07-09,88224011
169843,2019-07-10,84151093
169843,2019-07-11,83340006
169843,2019-07-12,81938614
169843,2019-07-13,75311576
169843,2019-07-14,73367997
169843,2019-07-15,69261864
169843,2019-07-16,84526885
169843,2019-07-17,87100241
169843,2019-07-18,93390455
169843,2019-07-19,89651843
169843,2019-07-20,81065832
169843,2019-07-21,78238707
169843,2019-07-22,77060165
169843,2019-07-23,80370480
169843,2019-07-24,82982907
169843,2019-07-25,83373194
169843,2019-07-26,77768269
169843,2019-07-27,72292979
169843,2019-07-28,71382902
169843,2019-07-29,80607474
169843,2019-07-30,86585125
169843,2019-07-31,87655373
169843,2019-08-01,84712778
169843,2019-08-02,93679305
169843,2019-08-03,74811610
169843,2019-08-04,72568251
169843,2019-08-05,78217969
169843,2019-08-06,80831566
169843,2019-08-07,80345642
169843,2019-08-08,79280086
169843,2019-08-09,82819789
169843,2019-08-10,75817488
169843,2019-08-11,73640280
169843,2019-08-12,81843179
169843,2019-08-13,82960473
169843,2019-08-14,85019757
169843,2019-08-15,88854778
169843,2019-08-16,88963778
169843,2019-08-17,83995297
169843,2019-08-18,78833841
169843,2019-08-19,79671060
169843,2019-08-20,81135424
169843,2019-08-21,83567559
169843,2019-08-22,87028350
169843,2019-08-23,85161485
169843,2019-08-24,81562926
169843,2019-08-25,76397585
169843,2019-08-26,86338332
169843,2019-08-27,80025461
169843,2019-08-28,84996003
169843,2019-08-29,84187944
169843,2019-08-30,86196972
169843,2019-08-31,86004778
169843,2019-09-01,81018794
169843,2019-09-02,84086588
169843,2019-09-03,87647926
169843,2019-09-04,89856706
169843,2019-09-05,93557370
169843,2019-09-06,138098166
169843,2019-09-07,88132344
169843,2019-09-08,81921579
169843,2019-09-09,123940484
169843,2019-09-10,89105521
169843,2019-09-11,89988512
169843,2019-09-12,86753664
169843,2019-09-13,88001290
169843,2019-09-14,84646668
169843,2019-09-15,77609519
169843,2019-09-16,115309179
169843,2019-09-17,93960131
169843,2019-09-18,99779283
169843,2019-09-19,95702621
169843,2019-09-20,100103061
169843,2019-09-21,96244580
169843,2019-09-22,90260630
169843,2019-09-23,124034028
169843,2019-09-24,101153979
169843,2019-09-25,111591816
169843,2019-09-26,105394024
169843,2019-09-27,108805864
169843,2019-09-28,107759009
169843,2019-09-29,99107217
169843,2019-09-30,155063804
169843,2019-10-01,115470514
169843,2019-10-02,120912096
169843,2019-10-03,118013319
169843,2019-10-04,112143400
169843,2019-10-05,105795548
169843,2019-10-06,104942191
169843,2019-10-07,136134912
169843,2019-10-08,112829632
169843,2019-10-09,110802592
169843,2019-10-10,104547932
169843,2019-10-11,109060657
169843,2019-10-12,98850817
169843,2019-10-13,97108219
169843,2019-10-14,126211198
169843,2019-10-15,108575018
169843,2019-10-16,107749856
169843,2019-10-17,111370640
169843,2019-10-18,102778887
169843,2019-10-19,97606290
169843,2019-10-20,94420623
169843,2019-10-21,125806862
169843,2019-10-22,111477029
169843,2019-10-23,115320190
169843,2019-10-24,116930735
169843,2019-10-25,115146781
169843,2019-10-26,105497707
169843,2019-10-27,102799830
169843,2019-10-28,139403145
169843,2019-10-29,124387355
169843,2019-10-30,109571883
169843,2019-10-31,102482589
169843,2019-11-01,95273852
169843,2019-11-02,94297740
169843,2019-11-03,95297058
169843,2019-11-04,135735467
169843,2019-11-05,104923650
169843,2019-11-06,100183053
169843,2019-11-07,103601638
169843,2019-11-08,101800673
169843,2019-11-09,95784866
169843,2019-11-10,86283942
169843,2019-11-11,127772648
169843,2019-11-12,105868452
169843,2019-11-13,105289758
169843,2019-11-14,110165818
169843,2019-11-15,102192442
169843,2019-11-16,97905134
169843,2019-11-17,94001035
169843,2019-11-18,117305800
169843,2019-11-19,97578499
169843,2019-11-20,100797351
169843,2019-11-21,110251862
169843,2019-11-22,104445724
169843,2019-11-23,97621526
169843,2019-11-24,94130120
169843,2019-11-25,127074212
169843,2019-11-26,101695034
169843,2019-11-27,102007201
169843,2019-11-28,100261171
169843,2019-11-29,101410910
169843,2019-11-30,83903328
169843,2019-12-01,81524197
169843,2019-12-02,115478871
169843,2019-12-03,91391290
169843,2019-12-04,97326014
169843,2019-12-05,98650081
169843,2019-12-06,94593958
169843,2019-12-07,88844469
169843,2019-12-08,86296812
169843,2019-12-09,114249168
169843,2019-12-10,97187462
169843,2019-12-11,95130435
169843,2019-12-12,91483987
169843,2019-12-13,92042281
169843,2019-12-14,86761124
169843,2019-12-15,87363772
169843,2019-12-16,112752196
169843,2019-12-17,97144784
169843,2019-12-18,92260342
169843,2019-12-19,96336005
169843,2019-12-20,87713891
169843,2019-12-21,82799512
169843,2019-12-22,89783286
169843,2019-12-23,112121544
169843,2019-12-24,87033519
169843,2019-12-25,69643453
169843,2019-12-26,86809875
169843,2019-12-27,91042851
169843,2019-12-28,89446396
169843,2019-12-29,86394265
169843,2019-12-30,122556393
169843,2019-12-31,93738210
169843,2020-01-01,92193749
169843,2020-01-02,106198604
169843,2020-01-03,110534913
169843,2020-01-04,103732433
169843,2020-01-05,128349413
169843,2020-01-06,137532269
169843,2020-01-07,115715180
169843,2020-01-08,115887297
169843,2020-01-09,107352548
169843,2020-01-10,107118229
169843,2020-01-11,144083204
169843,2020-01-12,100671892
169843,2020-01-13,103200514
169843,2020-01-14,108052694
169843,2020-01-15,109864969
169843,2020-01-16,115328478
169843,2020-01-17,115051263
169843,2020-01-18,114323834
169843,2020-01-19,103579832
169843,2020-01-20,106535784
169843,2020-01-21,118616763
169843,2020-01-22,118373886
169843,2020-01-23,123150695
169843,2020-01-24,119858320
169843,2020-01-25,116932403
169843,2020-01-26,125258935
169843,2020-01-27,142249859
169843,2020-01-28,130609203
169843,2020-01-29,129925910
169843,2020-01-30,126768669
169843,2020-01-31,124507589
169843,2020-02-01,117723737
169843,2020-02-02,111438178
169843,2020-02-03,105914081
169843,2020-02-04,113161860
169843,2020-02-05,118303602
169843,2020-02-06,113687708
169843,2020-02-07,111059802
169843,2020-02-08,110514840
169843,2020-02-09,112435222
169843,2020-02-10,111152069
169843,2020-02-11,107303617
169843,2020-02-12,106966819
169843,2020-02-13,107651052
169843,2020-02-14,104278935
169843,2020-02-15,97815738
169843,2020-02-16,93226616
169843,2020-02-17,93239445
169843,2020-02-18,98529639
169843,2020-02-19,106979844
169843,2020-02-20,116485741
169843,2020-02-21,102475171
169843,2020-02-22,97454608
169843,2020-02-23,93183492
169843,2020-02-24,97858491
169843,2020-02-25,109100416
169843,2020-02-26,103032408
169843,2020-02-27,106124936
169843,2020-02-28,115446177
169843,2020-02-29,117164260
169843,2020-03-01,119413922
169843,2020-03-02,117301985
169843,2020-03-03,122209644
169843,2020-03-04,123516457
169843,2020-03-05,116421603
169843,2020-03-06,113512847
169843,2020-03-07,110981365
169843,2020-03-08,115717057
169843,2020-03-09,118454696
169843,2020-03-10,119224313
169843,2020-03-11,122375165
169843,2020-03-12,131204148
169843,2020-03-13,128061279
169843,2020-03-14,121533453
169843,2020-03-15,122703814
169843,2020-03-16,135430343
169843,2020-03-17,151026059
169843,2020-03-18,154344886
169843,2020-03-19,156716880
169843,2020-03-20,161258472
169843,2020-03-21,149743490
169843,2020-03-22,144857896
169843,2020-03-23,155381462
169843,2020-03-24,157856854
169843,2020-03-25,153707076
169843,2020-03-26,161773656
169843,2020-03-27,163487134
169843,2020-03-28,147028509
169843,2020-03-29,140274084
169843,2020-03-30,142421172
169843,2020-03-31,148121670
169843,2020-04-01,151618041
169843,2020-04-02,158718546
169843,2020-04-03,164727284
169843,2020-04-04,155089654
169843,2020-04-05,147815666
169843,2020-04-06,155930338
169843,2020-04-07,157087553
169843,2020-04-08,159145864
169843,2020-04-09,162956529
169843,2020-04-10,151695115
169843,2020-04-11,143583789
169843,2020-04-12,147558822
169843,2020-04-13,150840541
169843,2020-04-14,165757429
169843,2020-04-15,156159594
169843,2020-04-16,152174727
169843,2020-04-17,153463660
169843,2020-04-18,137808040
169843,2020-04-19,130957715
169843,2020-04-20,137902604
169843,2020-04-21,143696072
169843,2020-04-22,141644009
169843,2020-04-23,145850642
169843,2020-04-24,154263964
169843,2020-04-25,135537158
169843,2020-04-26,151477684
169843,2020-04-27,141397358
169843,2020-04-28,142624067
169843,2020-04-29,140469897
169843,2020-04-30,142541816
169843,2020-05-01,140304496
169843,2020-05-02,123895139
169843,2020-05-03,118595100
169843,2020-05-04,124329971
169843,2020-05-05,136095548
169843,2020-05-06,142397007
169843,2020-05-07,141594231
169843,2020-05-08,142910488
169843,2020-05-09,125961037
169843,2020-05-10,128440104
169843,2020-05-11,135426355
169843,2020-05-12,141059405
169843,2020-05-13,147040862
169843,2020-05-14,140628259
169843,2020-05-15,138811266
169843,2020-05-16,128981504
169843,2020-05-17,125694402
169843,2020-05-18,131998370
169843,2020-05-19,132881015
169843,2020-05-20,130964925
169843,2020-05-21,129713135
169843,2020-05-22,130473661
169843,2020-05-23,126190842
169843,2020-05-24,128715306
169843,2020-05-25,116968202
169843,2020-05-26,126105352
169843,2020-05-27,129494164
169843,2020-05-28,129380531
169843,2020-05-29,130099013
169843,2020-05-30,113022714
169843,2020-05-31,114917331
169843,2020-06-01,125747070
169843,2020-06-02,136994902
169843,2020-06-03,130414732
169843,2020-06-04,124694376
169843,2020-06-05,123270302
169843,2020-06-06,109270252
169843,2020-06-07,105142062
169843,2020-06-08,109699472
169843,2020-06-09,112864338
169843,2020-06-10,115232478
169843,2020-06-11,119942869
169843,2020-06-12,112041865
169843,2020-06-13,102266421
169843,2020-06-14,99627192
169843,2020-06-15,106638646
169843,2020-06-16,111131781
169843,2020-06-17,109154499
169843,2020-06-18,108587069
169843,2020-06-19,103826843
169843,2020-06-20,95082227
169843,2020-06-21,91967271
169843,2020-06-22,104183817
169843,2020-06-23,107506900
169843,2020-06-24,107295849
169843,2020-06-25,104159064
169843,2020-06-26,101942782
169843,2020-06-27,102223863
169843,2020-06-28,100183288
169843,2020-06-29,106093059
169843,2020-06-30,117233076
169843,2020-07-01,118297188
169843,2020-07-02,125746526
169843,2020-07-03,117621203
169843,2020-07-04,111015639
169843,2020-07-05,109418291
169843,2020-07-06,114406458
169843,2020-07-07,121921471
169843,2020-07-08,114174766
169843,2020-07-09,117211557
169843,2020-07-10,118688434
169843,2020-07-11,111909138
169843,2020-07-12,110460490
169843,2020-07-13,113974583
169843,2020-07-14,124366784
169843,2020-07-15,130017868
169843,2020-07-16,130993668
169843,2020-07-17,126645546
169843,2020-07-18,117419780
169843,2020-07-19,112630286
169843,2020-07-20,118591177
169843,2020-07-21,128469243
169843,2020-07-22,139851164
169843,2020-07-23,134823780
169843,2020-07-24,170184345
169843,2020-07-25,117332404
169843,2020-07-26,117941985
169843,2020-07-27,117456843
169843,2020-07-28,124105431
169843,2020-07-29,124354059
169843,2020-07-30,130166563
169843,2020-07-31,129273465
169843,2020-08-01,122287506
169843,2020-08-02,134283434
169843,2020-08-03,132720117
169843,2020-08-04,135830383
169843,2020-08-05,140191253
169843,2020-08-06,141740390
169843,2020-08-07,133084416
169843,2020-08-08,132340691
169843,2020-08-09,125621829
169843,2020-08-10,128431577
169843,2020-08-11,136049460
169843,2020-08-12,147606373
169843,2020-08-13,144221425
169843,2020-08-14,148049145
169843,2020-08-15,129140195
169843,2020-08-16,131174452
169843,2020-08-17,134206396
169843,2020-08-18,141845448
169843,2020-08-19,137799518
169843,2020-08-20,138191626
169843,2020-08-21,134820780
169843,2020-08-22,127151183
169843,2020-08-23,129812986
169843,2020-08-24,123334589
169843,2020-08-25,89336703
169843,2020-08-26,133462515
169843,2020-08-27,137797486
169843,2020-08-28,130547182
169843,2020-08-29,129689006
169843,2020-08-30,149077106
169843,2020-08-31,125773360
169843,2020-09-01,136573162
169843,2020-09-02,127745355
169843,2020-09-03,127755666
169843,2020-09-04,127135242
169843,2020-09-05,124651042
169843,2020-09-06,122849760
169843,2020-09-07,124084816
169843,2020-09-08,124790600
169843,2020-09-09,131125035
169843,2020-09-10,132704693
169843,2020-09-11,178359588
169843,2020-09-12,141815529
169843,2020-09-13,124072528
169843,2020-09-14,154046590
169843,2020-09-15,124415273
169843,2020-09-16,125824060
169843,2020-09-17,135841891
169843,2020-09-18,128728009
169843,2020-09-19,114141298
169843,2020-09-20,119523972
169843,2020-09-21,147478735
169843,2020-09-22,143208643
169843,2020-09-23,112606364
169843,2020-09-24,116727897
169843,2020-09-25,114840523
169843,2020-09-26,112177090
169843,2020-09-27,118702491
169843,2020-09-28,151018363
169843,2020-09-29,125933162
169843,2020-09-30,163977453
169843,2020-10-01,140339603
169843,2020-10-02,141807971
169843,2020-10-03,139916194
169843,2020-10-04,156615081
169843,2020-10-05,194233534
169843,2020-10-06,145161044
169843,2020-10-07,157154611
169843,2020-10-08,136141149
169843,2020-10-09,131351534
169843,2020-10-10,123466751
169843,2020-10-11,161915910
169843,2020-10-12,161232508
169843,2020-10-13,130718421
169843,2020-10-14,125644415
169843,2020-10-15,129800852
169843,2020-10-16,151543645
169843,2020-10-17,123054345
169843,2020-10-18,131973865
169843,2020-10-19,153912071
169843,2020-10-20,144182233
169843,2020-10-21,132019548
169843,2020-10-22,141168661
169843,2020-10-23,140117505
169843,2020-10-24,135414814
169843,2020-10-25,131480782
169843,2020-10-26,172678157
169843,2020-10-27,133171754
169843,2020-10-28,135432970
169843,2020-10-29,131892262
169843,2020-10-30,170591014
169843,2020-10-31,117541623
169843,2020-11-01,129012607
169843,2020-11-02,165688047
169843,2020-11-03,165153113
169843,2020-11-04,230346770
169843,2020-11-05,206563294
169843,2020-11-06,200262054
169843,2020-11-07,173172607
169843,2020-11-08,213545795
169843,2020-11-09,206999253
169843,2020-11-10,156793017
169843,2020-11-11,149899963
169843,2020-11-12,141157123
169843,2020-11-13,139792889
169843,2020-11-14,126326290
169843,2020-11-15,122742182
169843,2020-11-16,154676249
169843,2020-11-17,135247641
169843,2020-11-18,140930735
169843,2020-11-19,141972241
169843,2020-11-20,129099026
169843,2020-11-21,127567182
169843,2020-11-22,123593103
169843,2020-11-23,165430234
169843,2020-11-24,123617006
169843,2020-11-25,124865103
169843,2020-11-26,129932528
169843,2020-11-27,109575955
169843,2020-11-28,106767114
169843,2020-11-29,111182924
169843,2020-11-30,144790251
169843,2020-12-01,120797691
169843,2020-12-02,150747271
169843,2020-12-03,121079135
169843,2020-12-04,121525386
169843,2020-12-05,119225989
169843,2020-12-06,126467807
169843,2020-12-07,152249038
169843,2020-12-08,136249496
169843,2020-12-09,126484589
169843,2020-12-10,126238683
169843,2020-12-11,123198628
169843,2020-12-12,119866071
169843,2020-12-13,124813375
169843,2020-12-14,160274322
169843,2020-12-15,151275109
169843,2020-12-16,139659888
169843,2020-12-17,131574299
169843,2020-12-18,120143956
169843,2020-12-19,119200389
169843,2020-12-20,123887563
169843,2020-12-21,151105354
169843,2020-12-22,130892312
169843,2020-12-23,123708311
169843,2020-12-24,115276917
169843,2020-12-25,90867955
169843,2020-12-26,108545372
169843,2020-12-27,115833680
169843,2020-12-28,149916312
169843,2020-12-29,135754300
169843,2020-12-30,128926432
169843,2020-12-31,118870144
169843,2021-01-01,120330681
169843,2021-01-02,127506030
169843,2021-01-03,134453500
169843,2021-01-04,169902411
169843,2021-01-05,150868221
169843,2021-01-06,175953954
169843,2021-01-07,179842275
169843,2021-01-08,185087283
169843,2021-01-09,184005183
169843,2021-01-10,191287931
169843,2021-01-11,221667991
169843,2021-01-12,171992805
169843,2021-01-13,174538006
169843,2021-01-14,170948205
169843,2021-01-15,162785354
169843,2021-01-16,151896300
169843,2021-01-17,191896108
169843,2021-01-18,150116804
169843,2021-01-19,151895217
169843,2021-01-20,183683759
169843,2021-01-21,192049832
169843,2021-01-22,169890256
169843,2021-01-23,159306391
169843,2021-01-24,149068356
169843,2021-01-25,156082276
169843,2021-01-26,158690041
169843,2021-01-27,156599265
169843,2021-01-28,157803632
169843,2021-01-29,149285917
169843,2021-01-30,143333958
169843,2021-01-31,160550268
169843,2021-02-01,147543795
169843,2021-02-02,148805225
169843,2021-02-03,141010437
169843,2021-02-04,148004925
169843,2021-02-05,143615760
169843,2021-02-06,136932574
169843,2021-02-07,153422264
169843,2021-02-08,135881475
169843,2021-02-09,149446030
169843,2021-02-10,144281321
169843,2021-02-11,150508270
169843,2021-02-12,142325985
169843,2021-02-13,140696240
169843,2021-02-14,153308839
169843,2021-02-15,149749958
169843,2021-02-16,138897945
169843,2021-02-17,137705146
169843,2021-02-18,147625485
169843,2021-02-19,138245432
169843,2021-02-20,131140082
169843,2021-02-21,151337413
169843,2021-02-22,142027626
169843,2021-02-23,146923345
169843,2021-02-24,141030951
169843,2021-02-25,146165198
169843,2021-02-26,138229141
169843,2021-02-27,131972179
169843,2021-02-28,140797194
169843,2021-03-01,145768002
169843,2021-03-02,138382695
169843,2021-03-03,138200574
169843,2021-03-04,142193707
169843,2021-03-05,137381947
169843,2021-03-06,126756653
169843,2021-03-07,125008384
169843,2021-03-08,137384030
169843,2021-03-09,141794318
169843,2021-03-10,139332397
169843,2021-03-11,139463698
169843,2021-03-12,133922844
169843,2021-03-13,128885718
169843,2021-03-14,129232229
169843,2021-03-15,137928443
169843,2021-03-16,139350731
169843,2021-03-17,139725212
169843,2021-03-18,135609579
169843,2021-03-19,131590327
169843,2021-03-20,118229170
169843,2021-03-21,118362672
169843,2021-03-22,128335668
169843,2021-03-23,129390358
169843,2021-03-24,130162481
169843,2021-03-25,128582746
169843,2021-03-26,126403192
169843,2021-03-27,115604155
169843,2021-03-28,127317062
169843,2021-03-29,128174163
169843,2021-03-30,129318324
169843,2021-03-31,128246085
169843,2021-04-01,128111708
169843,2021-04-02,127506692
169843,2021-04-03,119528969
169843,2021-04-04,120886873
169843,2021-04-05,126618360
169843,2021-04-06,126964315
169843,2021-04-07,128222513
169843,2021-04-08,126461529
169843,2021-04-09,126306108
169843,2021-04-10,128134769
169843,2021-04-11,137567647
169843,2021-04-12,133687174
169843,2021-04-13,131295373
169843,2021-04-14,130905856
169843,2021-04-15,134875652
169843,2021-04-16,135443607
169843,2021-04-17,121911364
169843,2021-04-18,119973055
169843,2021-04-19,121938700
169843,2021-04-20,129621639
169843,2021-04-21,129292795
169843,2021-04-22,126555838
169843,2021-04-23,123270198
169843,2021-04-24,112815938
169843,2021-04-25,111701116
169843,2021-04-26,117361123
169843,2021-04-27,120493284
169843,2021-04-28,122748959
169843,2021-04-29,130121351
169843,2021-04-30,132631761
169843,2021-05-01,126983389
169843,2021-05-02,117410333
169843,2021-05-03,127827332
169843,2021-05-04,132729402
169843,2021-05-05,124451699
169843,2021-05-06,124559467
169843,2021-05-07,121408923
169843,2021-05-08,110971655
169843,2021-05-09,125074665
169843,2021-05-10,126151462
169843,2021-05-11,128546394
169843,2021-05-12,128342754
169843,2021-05-13,127482940
169843,2021-05-14,125810557
169843,2021-05-15,113486339
169843,2021-05-16,123898877
169843,2021-05-17,127006847
169843,2021-05-18,132229450
169843,2021-05-19,129639259
169843,2021-05-20,123183652
169843,2021-05-21,121349941
169843,2021-05-22,114291568
169843,2021-05-23,124629767
169843,2021-05-24,128925749
169843,2021-05-25,127824288
169843,2021-05-26,131878194
169843,2021-05-27,129213231
169843,2021-05-28,122380939
169843,2021-05-29,107688321
169843,2021-05-30,102282594
169843,2021-05-31,104100667
169843,2021-06-01,116106821
169843,2021-06-02,122264798
169843,2021-06-03,125720608
169843,2021-06-04,122698752
169843,2021-06-05,113352734
169843,2021-06-06,108605446
169843,2021-06-07,118411827
169843,2021-06-08,122197958
169843,2021-06-09,126890031
169843,2021-06-10,121990525
169843,2021-06-11,121682111
169843,2021-06-12,107162752
169843,2021-06-13,105625264
169843,2021-06-14,112619906
169843,2021-06-15,118950388
169843,2021-06-16,118973770
169843,2021-06-17,119733296
169843,2021-06-18,119510928
169843,2021-06-19,110227514
169843,2021-06-20,106287073
169843,2021-06-21,116844836
169843,2021-06-22,121841396
169843,2021-06-23,117484550
169843,2021-06-24,128510002
169843,2021-06-25,130489668
169843,2021-06-26,123632858
169843,2021-06-27,118955211
169843,2021-06-28,132335846
169843,2021-06-29,124883086
169843,2021-06-30,119383951
169843,2021-07-01,128746504
169843,2021-07-02,122831861
169843,2021-07-03,108943907
169843,2021-07-04,99495590
169843,2021-07-05,103254164
169843,2021-07-06,118721033
169843,2021-07-07,119404259
169843,2021-07-08,123344865
169843,2021-07-09,113770001
169843,2021-07-10,108307248
169843,2021-07-11,106765535
169843,2021-07-12,116215218
169843,2021-07-13,121499253
169843,2021-07-14,122706636
169843,2021-07-15,124483840
169843,2021-07-16,126151904
169843,2021-07-17,114735087
169843,2021-07-18,111611889
169843,2021-07-19,116864956
169843,2021-07-20,122054296
169843,2021-07-21,125367811
169843,2021-07-22,126677862
169843,2021-07-23,134398345
169843,2021-07-24,171900641
169843,2021-07-25,198248381
169843,2021-07-26,203329507
169843,2021-07-27,218721267
169843,2021-07-28,196776162
169843,2021-07-29,199611570
169843,2021-07-30,190370937
169843,2021-07-31,183024229
169843,2021-08-01,184810874
169843,2021-08-02,183490457
169843,2021-08-03,192940537
169843,2021-08-04,181417085
169843,2021-08-05,176874630
169843,2021-08-06,169604847
169843,2021-08-07,170445751
169843,2021-08-08,155495036
169843,2021-08-09,140504902
169843,2021-08-10,129410223
169843,2021-08-11,117894243
169843,2021-08-12,122319239
169843,2021-08-13,117277616
169843,2021-08-14,111941112
169843,2021-08-15,109242316
169843,2021-08-16,118012242
169843,2021-08-17,116568416
169843,2021-08-18,113809008
169843,2021-08-19,109636427
169843,2021-08-20,108560398
169843,2021-08-21,106061536
169843,2021-08-22,107924651
169843,2021-08-23,114025285
169843,2021-08-24,117932947
169843,2021-08-25,114065427
169843,2021-08-26,113156990
169843,2021-08-27,110267845
169843,2021-08-28,112057554
169843,2021-08-29,110907897
169843,2021-08-30,119999049
169843,2021-08-31,122888488
169843,2021-09-01,117589208
169843,2021-09-02,114252576
169843,2021-09-03,110228453
169843,2021-09-04,99760660
169843,2021-09-05,99028550
169843,2021-09-06,102855911
169843,2021-09-07,106284257
169843,2021-09-08,108751344
169843,2021-09-09,112784502
169843,2021-09-10,149653016
169843,2021-09-11,105418176
169843,2021-09-12,99230853
169843,2021-09-13,134105359
169843,2021-09-14,112028159
169843,2021-09-15,109160620
169843,2021-09-16,110531561
169843,2021-09-17,109829605
169843,2021-09-18,108095738
169843,2021-09-19,106091188
169843,2021-09-20,146680884
169843,2021-09-21,119425244
169843,2021-09-22,117766640
169843,2021-09-23,115539826
169843,2021-09-24,129899464
169843,2021-09-25,114621352
169843,2021-09-26,107637154
169843,2021-09-27,143497765
169843,2021-09-28,105187455
169843,2021-09-29,109981585
169843,2021-09-30,107777566
169843,2021-10-01,105404795
169843,2021-10-02,100484386
169843,2021-10-03,107046149
169843,2021-10-04,151128430
169843,2021-10-05,108876201
169843,2021-10-06,113236667
169843,2021-10-07,114925231
169843,2021-10-08,109531140
169843,2021-10-09,99393991
169843,2021-10-10,112095124
169843,2021-10-11,159907728
169843,2021-10-12,116524737
169843,2021-10-13,114692993
169843,2021-10-14,118651636
169843,2021-10-15,111893969
169843,2021-10-16,111781205
169843,2021-10-17,120528566
169843,2021-10-18,161719814
169843,2021-10-19,121478930
169843,2021-10-20,116555351
169843,2021-10-21,120269790
169843,2021-10-22,120562719
169843,2021-10-23,111256609
169843,2021-10-24,126821203
169843,2021-10-25,153340871
